Element,Family,Total_Concentration
Ag,Agaricaceae,3.0613
Ag,Amaranthaceae,0.08132
Ag,Amaryllidaceae,0.012885
Ag,Anacardiaceae,0.023365
Ag,Apiaceae,0.000913
Ag,Arecaceae,0.0055
Ag,Asteraceae,0.044057
Ag,Brassicaceae,0.100084
Ag,Caricaceae,0.01068
Ag,Convolvulaceae,0.048522
Ag,Cucurbitaceae,0.39267
Ag,Euphorbiaceae,0.0820186
Ag,Fabaceae,0.215708
Ag,Lauraceae,0.002423
Ag,Lecythidaceae,0.0022
Ag,Malvaceae,0.05505154
Ag,Moraceae,0.00618
Ag,Moringaceae,0.036789
Ag,Musaceae,0.005294
Ag,Myrtaceae,0.000222
Ag,Pedaliaceae,0.00175
Ag,Phyllanthaceae,0.00534
Ag,Poaceae,0.2639839
Ag,Rhamnaceae,0.006379999999999999
Ag,Rosaceae,0.00558
Ag,Rutaceae,0.000618
Ag,Solanaceae,0.055808
Ag,Theaceae,0.004874000000000001
Ag,Unknown,0.0955924
Ag,Zingiberaceae,0.0125
Al,Acanthaceae,2010.0
Al,Agaricaceae,4198.0
Al,Amaranthaceae,11258.82
Al,Amaryllidaceae,36.1
Al,Anacardiaceae,839.93
Al,Anisophylleaceae,713.0
Al,Annonaceae,6.5
Al,Apiaceae,1922.6
Al,Apocynaceae,3919.5
Al,Arecaceae,130.8
Al,Asteraceae,9627.869999999999
Al,Brassicaceae,11264.9
Al,Burseraceae,4.4
Al,Capparaceae,35.07
Al,Caricaceae,47.239999999999995
Al,Cistaceae,356.0
Al,Convolvulaceae,8831.161
Al,Cucurbitaceae,28836.78
Al,Dioscoreaceae,146.87
Al,Ephedraceae,80.3
Al,Euphorbiaceae,7943.4800000000005
Al,Fabaceae,16021.948
Al,Fagaceae,3.0
Al,Gnetaceae,50.0
Al,Hylocomiaceae,2820.0
Al,Lamiaceae,60005.7
Al,Lauraceae,273.5
Al,Lecythidaceae,25.8
Al,Loganiaceae,9.5
Al,Malvaceae,14330.0
Al,Melastomataceae,316.0
Al,Moraceae,210.0
Al,Moringaceae,7084.2
Al,Musaceae,31.63
Al,Myrtaceae,335.46
Al,Orchidaceae,11.2
Al,Oxalidaceae,139.0
Al,Papaveraceae,267.6
Al,Pedaliaceae,62.6
Al,Phyllanthaceae,44380.07
Al,Pinaceae,1239.2
Al,Piperaceae,10.4
Al,Poaceae,29192.937
Al,Polygonaceae,5.3
Al,Portulacaceae,4.47
Al,Proteaceae,34304.09
Al,Ranunculaceae,398.0
Al,Rhamnaceae,45.5
Al,Rosaceae,1536.8
Al,Rubiaceae,63570.0
Al,Rutaceae,10.6
Al,Sapindaceae,440.0
Al,Solanaceae,1646.83
Al,Symplocaceae,155300.0
Al,Theaceae,2732.0
Al,Unknown,61889.85
Al,Various,55916.454
Al,Zingiberaceae,17.6
Al,Zygophyllaceae,9.15
As,Agaricaceae,0.1466
As,Amaranthaceae,10.264299999999999
As,Amaryllidaceae,0.0051400000000000005
As,Anacardiaceae,0.05509
As,Annonaceae,4.62
As,Apiaceae,0.011
As,Apocynaceae,37.769999999999996
As,Arecaceae,3.78286
As,Asteraceae,13.468068
As,Brassicaceae,2.25328
As,Caricaceae,0.02136
As,Cladoniaceae,1.54
As,Convolvulaceae,13.148845
As,Cucurbitaceae,2.56333
As,Cyperaceae,9.39
As,Dioscoreaceae,0.01194
As,Ephedraceae,0.34
As,Ericaceae,510.0
As,Euphorbiaceae,1.28203
As,Fabaceae,44764.5994402
As,Hylocomiaceae,0.39
As,Lamiaceae,0.075
As,Lauraceae,0.01945
As,Lecythidaceae,0.00469
As,Malvaceae,7.109141
As,Moraceae,9.5016
As,Moringaceae,1.16982
As,Musaceae,0.006443
As,Myrtaceae,10.50314
As,Parmeliaceae,60.78
As,Pedaliaceae,0.0153
As,Peltigeraceae,0.48
As,Phyllanthaceae,0.0091
As,Poaceae,11097.88988576
As,Proteaceae,0.00195
As,Resedaceae,8.7
As,Rhamnaceae,0.00887
As,Rosaceae,0.0553
As,Rutaceae,0.00158
As,Solanaceae,0.09629
As,Stereocaulaceae,0.21
As,Teloschistaceae,1.0
As,Theaceae,5.22267
As,Umbilicariaceae,2.6799999999999997
As,Unknown,2.7751
As,Various,51.139
As,Verbenaceae,123.71
As,Zingiberaceae,0.00385
B,Agaricaceae,5.611
B,Amaranthaceae,180.35999999999999
B,Amaryllidaceae,23.7
B,Anacardiaceae,34.08
B,Apiaceae,359.23
B,Arecaceae,8.5
B,Asparagaceae,12.0
B,Asteraceae,682.76
B,Brassicaceae,156.41
B,Capparaceae,18.9
B,Cistaceae,22.0
B,Convolvulaceae,97.74
B,Cucurbitaceae,258.52
B,Dioscoreaceae,16.79
B,Ephedraceae,31.5
B,Euphorbiaceae,214.77800000000002
B,Fabaceae,463.61
B,Lamiaceae,587.21
B,Lauraceae,47.95
B,Lecythidaceae,44.0
B,Malvaceae,142.3
B,Moringaceae,169.01
B,Musaceae,7.55
B,Myrtaceae,61.41
B,Orchidaceae,22.92
B,Oxalidaceae,21.0
B,Papaveraceae,98.31
B,Pedaliaceae,9.42
B,Phyllanthaceae,13.3
B,Poaceae,194.16400000000002
B,Primulaceae,13.4
B,Proteaceae,6.88
B,Ranunculaceae,42.510000000000005
B,Rosaceae,89.4
B,Solanaceae,176.43
B,Unknown,61.56
B,Various,111.18
Ba,Agaricaceae,9.76
Ba,Amaranthaceae,1076.17
Ba,Amaryllidaceae,89.2
Ba,Anacardiaceae,249.75
Ba,Apiaceae,1051.61
Ba,Arecaceae,0.658
Ba,Asteraceae,674.3
Ba,Brassicaceae,2469.0
Ba,Capparaceae,10.57
Ba,Caricaceae,115.82
Ba,Convolvulaceae,846.3
Ba,Cucurbitaceae,3340.19
Ba,Dioscoreaceae,44.16
Ba,Euphorbiaceae,1751.8600000000001
Ba,Fabaceae,3691.396
Ba,Fagaceae,1.05
Ba,Lamiaceae,3916.9
Ba,Lauraceae,91.59
Ba,Lecythidaceae,821.5
Ba,Malvaceae,2495.8
Ba,Moraceae,46.0
Ba,Moringaceae,1139.35
Ba,Musaceae,81.61
Ba,Myrtaceae,6.74
Ba,Orchidaceae,12.5
Ba,Papaveraceae,118.0
Ba,Pedaliaceae,43.4
Ba,Phyllanthaceae,37.42
Ba,Plantaginaceae,107.0
Ba,Poaceae,948.6499
Ba,Portulacaceae,0.41
Ba,Proteaceae,1.02
Ba,Ranunculaceae,150.0
Ba,Rhamnaceae,39.29
Ba,Rosaceae,105.46999999999998
Ba,Rutaceae,50.8
Ba,Solanaceae,264.17
Ba,Theaceae,132.60000000000002
Ba,Unknown,1858.71
Ba,Various,794.05
Ba,Zingiberaceae,23.2
Ba,Zygophyllaceae,0.1
Be,Agaricaceae,0.031100000000000003
Be,Amaranthaceae,0.35192
Be,Amaryllidaceae,0.00699
Be,Anacardiaceae,0.025001
Be,Apiaceae,0.00432
Be,Arecaceae,0.00246
Be,Asteraceae,0.21323
Be,Brassicaceae,0.42638
Be,Caricaceae,0.00554
Be,Convolvulaceae,0.69877
Be,Cucurbitaceae,0.9825699999999999
Be,Dioscoreaceae,0.000587
Be,Euphorbiaceae,0.273102
Be,Fabaceae,0.476622
Be,Lamiaceae,1.54
Be,Lauraceae,0.0036580000000000002
Be,Lecythidaceae,0.00115
Be,Malvaceae,0.74728
Be,Moraceae,0.00666
Be,Moringaceae,0.25986
Be,Musaceae,0.00513
Be,Pedaliaceae,0.003
Be,Phyllanthaceae,0.009250000000000001
Be,Poaceae,0.583924
Be,Proteaceae,0.000377
Be,Rosaceae,0.025
Be,Rutaceae,0.00309
Be,Solanaceae,0.039222
Be,Theaceae,0.0373
Be,Unknown,1.25554
Bi,Agaricaceae,0.0031
Bi,Amaranthaceae,0.00801
Bi,Anacardiaceae,0.00048519
Bi,Apiaceae,46.24
Bi,Asteraceae,0.0108932
Bi,Brassicaceae,0.035026
Bi,Capparaceae,3.01
Bi,Caricaceae,0.0006454
Bi,Convolvulaceae,0.027841
Bi,Cucurbitaceae,0.02988297
Bi,Dioscoreaceae,0.00297
Bi,Ericaceae,77.0
Bi,Euphorbiaceae,0.026691
Bi,Fabaceae,170.94502549999999
Bi,Lamiaceae,5.73
Bi,Malvaceae,0.016485
Bi,Moraceae,0.0144
Bi,Moringaceae,0.03333
Bi,Musaceae,0.00037430000000000005
Bi,Orchidaceae,4.14
Bi,Papaveraceae,3.0
Bi,Phyllanthaceae,0.000221
Bi,Poaceae,71.21041389999999
Bi,Ranunculaceae,2.64
Bi,Rhamnaceae,0.001349
Bi,Rosaceae,0.00265
Bi,Rutaceae,0.000194
Bi,Solanaceae,34.104259
Bi,Theaceae,0.00296
Bi,Unknown,0.0981074
Bi,Various,0.2705
Bi,Zingiberaceae,0.000538
Br,Asteraceae,5.65
Br,Betulaceae,12.0
Br,Brassicaceae,0.14
Br,Cupressaceae,34.0
Br,Dennstaedtiaceae,353.0
Br,Fabaceae,726.5
Br,Fagaceae,16.5
Br,Hydnoraceae,6.45
Br,Malvaceae,33.0
Br,Pinaceae,46.2
Br,Piperaceae,1.52
Br,Plantaginaceae,8.899999999999999
Br,Poaceae,3124.39
Br,Rosaceae,3.3
Br,Rubiaceae,1.46
Br,Sapindaceae,66.0
Br,Solanaceae,41.4
Br,Tamaricaceae,16.4
Br,Unknown,52.0
Br,Various,1094.1
Br,Zygophyllaceae,1.45
Ca,Acanthaceae,112570.0
Ca,Achariaceae,761.0
Ca,Agaricaceae,34938.0
Ca,Amaranthaceae,262468.0
Ca,Amaryllidaceae,8360.0
Ca,Anacardiaceae,89913.0
Ca,Anisophylleaceae,116.0
Ca,Annonaceae,590.0
Ca,Apiaceae,183942.0
Ca,Apocynaceae,1917.3
Ca,Aquifoliaceae,55700.0
Ca,Araceae,9230.0
Ca,Araliaceae,157610.0
Ca,Arecaceae,6516.0
Ca,Asphodelaceae,8110.0
Ca,Asteraceae,318450.0
Ca,Athyriaceae,10200.0
Ca,Basellaceae,611.9
Ca,Bignoniaceae,14632.0
Ca,Brassicaceae,441082.0
Ca,Burseraceae,114.0
Ca,Capparaceae,8313.0
Ca,Caricaceae,24670.0
Ca,Caryophyllaceae,5237.0
Ca,Chrysobalanaceae,807.0
Ca,Cistaceae,19200.0
Ca,Clusiaceae,33228.0
Ca,Combretaceae,8110.0
Ca,Commelinaceae,14216.0
Ca,Convolvulaceae,120438.0
Ca,Cucurbitaceae,500220.6
Ca,Cunoniaceae,11000.0
Ca,Cyatheaceae,14700.0
Ca,Cyperaceae,10100.0
Ca,Dennstaedtiaceae,81.0
Ca,Dioscoreaceae,3064.0
Ca,Elaeagnaceae,16360.0
Ca,Elaeocarpaceae,6310.0
Ca,Ephedraceae,11192.0
Ca,Ericaceae,52900.0
Ca,Euphorbiaceae,215843.0
Ca,Fabaceae,1401440.94
Ca,Fagaceae,6804.0
Ca,Gleicheniaceae,8200.0
Ca,Hydnoraceae,3059.0
Ca,Lamiaceae,323169.0
Ca,Lauraceae,20313.0
Ca,Lecythidaceae,9730.0
Ca,Loganiaceae,390.0
Ca,Lythraceae,2194.0
Ca,Malvaceae,332107.6
Ca,Melastomataceae,1950.0
Ca,Meliaceae,7086.0
Ca,Moraceae,54877.0
Ca,Moringaceae,340940.0
Ca,Musaceae,8876.0
Ca,Myrtaceae,130427.0
Ca,Olacaceae,4429.0
Ca,Ophioglossaceae,21850.0
Ca,Orchidaceae,3006.0
Ca,Oxalidaceae,8900.0
Ca,Papaveraceae,24229.0
Ca,Passifloraceae,6006.0
Ca,Pedaliaceae,10700.0
Ca,Phyllanthaceae,27627.0
Ca,Pinaceae,76150.0
Ca,Piperaceae,2432.0
Ca,Plantaginaceae,2550.0
Ca,Poaceae,814801.92
Ca,Polygonaceae,1711.0
Ca,Primulaceae,92773.3
Ca,Proteaceae,17010.0
Ca,Ranunculaceae,11861.0
Ca,Rhamnaceae,4443.0
Ca,Rosaceae,32748.0
Ca,Rubiaceae,229850.0
Ca,Rutaceae,22272.0
Ca,Salicaceae,59300.0
Ca,Sapindaceae,163745.0
Ca,Sapotaceae,33720.0
Ca,Smilacaceae,8388.0
Ca,Solanaceae,129826.9
Ca,Symplocaceae,53900.0
Ca,Tamaricaceae,22925.0
Ca,Theaceae,9620.0
Ca,Unknown,598096.0
Ca,Urticaceae,13100.0
Ca,Various,551128.36
Ca,Violaceae,16600.0
Ca,Zingiberaceae,6563.0
Ca,Zygophyllaceae,2048.6
Cd,Acanthaceae,3759.38
Cd,Adoxaceae,0.48
Cd,Agaricaceae,2.2464
Cd,Alismataceae,3.04
Cd,Amaranthaceae,78.7636
Cd,Amaryllidaceae,34.39727
Cd,Amblystegiaceae,0.59
Cd,Anacardiaceae,0.13247
Cd,Annonaceae,17.84
Cd,Apiaceae,29.5986
Cd,Apocynaceae,86.04599999999999
Cd,Araceae,268.35
Cd,Arecaceae,0.0229
Cd,Aristolochiaceae,16.55
Cd,Asparagaceae,51.37
Cd,Asteraceae,125.64554
Cd,Balsaminaceae,26.85
Cd,Berberidaceae,11.21
Cd,Betulaceae,17.15
Cd,Brassicaceae,69.29164
Cd,Capparaceae,0.13
Cd,Caricaceae,0.006555
Cd,Cladoniaceae,0.5
Cd,Combretaceae,1.2870000000000001
Cd,Convolvulaceae,43.036046999999996
Cd,Cucurbitaceae,13.604009999999999
Cd,Cupressaceae,1.08
Cd,Cyperaceae,2.4
Cd,Dennstaedtiaceae,16.22
Cd,Dioscoreaceae,0.028380000000000002
Cd,Ephedraceae,0.089
Cd,Euphorbiaceae,0.34552
Cd,Fabaceae,50.1002456
Cd,Hylocomiaceae,0.166
Cd,Juglandaceae,1.37
Cd,Juncaceae,52.0
Cd,Lamiaceae,3.11
Cd,Lauraceae,62.8256
Cd,Lecythidaceae,0.00346
Cd,Lythraceae,0.015
Cd,Malvaceae,8.06530667
Cd,Moraceae,5.66254
Cd,Moringaceae,0.27614
Cd,Musaceae,0.007396
Cd,Myrtaceae,11.291156
Cd,Nitrariaceae,0.104
Cd,Oleaceae,2.19
Cd,Oxalidaceae,34.57
Cd,Papaveraceae,7.5
Cd,Parmeliaceae,4.2
Cd,Pedaliaceae,0.0298
Cd,Peltigeraceae,0.1
Cd,Phyllanthaceae,0.00921
Cd,Phytolaccaceae,36.629999999999995
Cd,Pinaceae,14.326
Cd,Plantaginaceae,108.15
Cd,Plumbaginaceae,32.2
Cd,Poaceae,263.83441077
Cd,Polygonaceae,29.13
Cd,Ranunculaceae,14.016000000000002
Cd,Resedaceae,1.3
Cd,Rhamnaceae,18.704989
Cd,Rosaceae,25.72403
Cd,Rutaceae,0.091282
Cd,Salicaceae,55.53
Cd,Salvadoraceae,0.013
Cd,Sapindaceae,0.77
Cd,Scrophulariaceae,4.39
Cd,Smilacaceae,16.02
Cd,Solanaceae,17.58677
Cd,Stereocaulaceae,0.07
Cd,Teloschistaceae,0.91
Cd,Theaceae,0.02442
Cd,Ulmaceae,0.88
Cd,Umbilicariaceae,0.97
Cd,Unknown,5.78426
Cd,Various,47.826
Cd,Verbenaceae,130.39999999999998
Cd,Violaceae,45.510000000000005
Cd,Vitaceae,10.17
Cd,Zingiberaceae,0.00532
Cd,Zygophyllaceae,7.107
Ce,Agaricaceae,6.526
Ce,Amaranthaceae,33.543
Ce,Amaryllidaceae,0.1353
Ce,Anacardiaceae,0.3991
Ce,Apiaceae,0.22
Ce,Arecaceae,0.0395
Ce,Asteraceae,48.84888
Ce,Blechnaceae,177.3
Ce,Brassicaceae,37.5885
Ce,Caricaceae,0.1611
Ce,Convolvulaceae,31.1434
Ce,Cucurbitaceae,114.2965
Ce,Cyperaceae,7007.0
Ce,Dioscoreaceae,0.07143
Ce,Ericaceae,2.8
Ce,Euphorbiaceae,20.03836
Ce,Fabaceae,38.97855
Ce,Gleicheniaceae,7774.5
Ce,Lauraceae,0.4175
Ce,Lecythidaceae,0.0696
Ce,Malvaceae,52.6362
Ce,Melastomataceae,200.0
Ce,Moraceae,0.373
Ce,Moringaceae,18.1129
Ce,Musaceae,0.05479
Ce,Myrtaceae,0.009260000000000001
Ce,Pedaliaceae,0.125
Ce,Phyllanthaceae,0.1074
Ce,Pinaceae,1.112
Ce,Poaceae,74.837805
Ce,Polypodiaceae,16.28
Ce,Proteaceae,0.00413
Ce,Pteridaceae,47.73
Ce,Rhamnaceae,0.1069
Ce,Rosaceae,5.28
Ce,Rutaceae,0.0331
Ce,Solanaceae,1.4783
Ce,Theaceae,1.5990000000000002
Ce,Thelypteridaceae,37.2
Ce,Unknown,181.8535
Ce,Various,69.837
Ce,Zingiberaceae,0.027
Cl,Acanthaceae,2.03
Cl,Asteraceae,41177.0
Cl,Betulaceae,3370.0
Cl,Cupressaceae,3790.0
Cl,Dennstaedtiaceae,36740.0
Cl,Fabaceae,10013.0
Cl,Fagaceae,2712.0
Cl,Pinaceae,5420.0
Cl,Poaceae,149275.0
Cl,Rosaceae,670.0
Cl,Sapindaceae,5790.0
Cl,Solanaceae,4571.0
Cl,Unknown,1160.0
Cl,Various,36656.0
Co,Agaricaceae,1.4889999999999999
Co,Amaranthaceae,9.844
Co,Amaryllidaceae,0.4165
Co,Anacardiaceae,0.36171000000000003
Co,Apiaceae,217.49620000000002
Co,Arecaceae,0.0253
Co,Asteraceae,121.7487
Co,Brassicaceae,13.3369
Co,Capparaceae,0.02
Co,Caricaceae,0.619
Co,Caryophyllaceae,13.200000000000001
Co,Clusiaceae,5.85
Co,Convolvulaceae,7.8311
Co,Cucurbitaceae,22.77
Co,Cunoniaceae,80.5
Co,Dioscoreaceae,0.6335
Co,Ephedraceae,0.17
Co,Euphorbiaceae,10.66236
Co,Fabaceae,25.9878
Co,Fagaceae,0.005
Co,Lamiaceae,15.440000000000001
Co,Lauraceae,0.2573
Co,Lecythidaceae,0.266
Co,Malvaceae,10.2279
Co,Moraceae,0.169
Co,Moringaceae,5.4071
Co,Musaceae,0.044090000000000004
Co,Myrtaceae,0.20489999999999997
Co,Papaveraceae,49.2
Co,Pedaliaceae,0.0804
Co,Phyllanthaceae,1779.8212
Co,Plantaginaceae,1.1600000000000001
Co,Poaceae,38.54571
Co,Portulacaceae,0.04
Co,Proteaceae,0.0291
Co,Rhamnaceae,0.0861
Co,Rosaceae,0.562
Co,Rutaceae,0.0355
Co,Salicaceae,920.11
Co,Sapindaceae,1140.0
Co,Sapotaceae,68.0
Co,Solanaceae,63.1648
Co,Theaceae,3.55
Co,Unknown,50.6126
Co,Various,14.109
Co,Violaceae,299.4
Co,Zingiberaceae,0.0962
Co,Zygophyllaceae,70.09
Cr,Agaricaceae,21.020000000000003
Cr,Amaranthaceae,37.028999999999996
Cr,Amaryllidaceae,2.5090000000000003
Cr,Anacardiaceae,18.273
Cr,Anisophylleaceae,483.4
Cr,Apiaceae,472.401
Cr,Apocynaceae,11.8
Cr,Arecaceae,1.5859999999999999
Cr,Asteraceae,5473.721
Cr,Bixaceae,10.0
Cr,Brassicaceae,62.15
Cr,Capparaceae,9.44
Cr,Caricaceae,5.489
Cr,Caryophyllaceae,10.2
Cr,Cistaceae,0.92
Cr,Cladoniaceae,9.6
Cr,Clusiaceae,8.7
Cr,Combretaceae,3.6100000000000003
Cr,Convolvulaceae,32.9961
Cr,Cucurbitaceae,117.699
Cr,Cunoniaceae,79.6
Cr,Cyperaceae,3.2
Cr,Dioscoreaceae,0.644
Cr,Elaeagnaceae,6.46
Cr,Ephedraceae,0.57
Cr,Euphorbiaceae,15.67206
Cr,Fabaceae,324.67004
Cr,Fagaceae,0.05
Cr,Hydnoraceae,1.98
Cr,Lamiaceae,116.98
Cr,Lauraceae,12.55
Cr,Lecythidaceae,0.0527
Cr,Lythraceae,0.57
Cr,Malvaceae,93.7124
Cr,Moraceae,1.81
Cr,Moringaceae,22.482
Cr,Musaceae,0.9705
Cr,Myrtaceae,7.234999999999999
Cr,Nitrariaceae,0.8
Cr,Orchidaceae,8.04
Cr,Oxalidaceae,0.79
Cr,Papaveraceae,19.65
Cr,Parmeliaceae,111.4
Cr,Pedaliaceae,1.33
Cr,Peltigeraceae,2.6
Cr,Phyllanthaceae,473.66
Cr,Piperaceae,7.5
Cr,Plantaginaceae,11.1
Cr,Poaceae,4035.13989
Cr,Portulacaceae,0.87
Cr,Proteaceae,5.202
Cr,Ranunculaceae,9.6
Cr,Rhamnaceae,3.933
Cr,Rosaceae,13532.353
Cr,Rubiaceae,466.55
Cr,Rutaceae,1.594
Cr,Salicaceae,174.25
Cr,Salvadoraceae,0.61
Cr,Sapotaceae,97.6
Cr,Solanaceae,100.0844
Cr,Stereocaulaceae,1.2
Cr,Tamaricaceae,7.32
Cr,Teloschistaceae,6.7
Cr,Theaceae,3.043
Cr,Umbilicariaceae,15.0
Cr,Unknown,193.50300000000001
Cr,Various,16771.985
Cr,Verbenaceae,401.1
Cr,Violaceae,471.7
Cr,Zingiberaceae,9.77
Cr,Zygophyllaceae,33.66
Cs,Agaricaceae,3.808
Cs,Amaranthaceae,1.7209
Cs,Amaryllidaceae,0.006
Cs,Anacardiaceae,0.42156
Cs,Apiaceae,0.0539
Cs,Arecaceae,0.0198
Cs,Asteraceae,2.106
Cs,Brassicaceae,2.13916
Cs,Caricaceae,0.07835
Cs,Convolvulaceae,2.73151
Cs,Cucurbitaceae,4387.67564
Cs,Dioscoreaceae,0.04896
Cs,Euphorbiaceae,2.74823
Cs,Fabaceae,1.977647
Cs,Lauraceae,0.04097
Cs,Lecythidaceae,0.819
Cs,Malvaceae,2.4487
Cs,Moraceae,0.0574
Cs,Moringaceae,0.55208
Cs,Musaceae,0.0141088
Cs,Myrtaceae,0.118
Cs,Pedaliaceae,0.00793
Cs,Phyllanthaceae,0.15994
Cs,Plantaginaceae,0.35
Cs,Poaceae,2.5994549
Cs,Proteaceae,0.255
Cs,Rhamnaceae,0.01744
Cs,Rosaceae,0.0517
Cs,Rutaceae,0.00185
Cs,Solanaceae,0.9594699999999999
Cs,Theaceae,0.0761
Cs,Unknown,2.96162
Cs,Various,22.687
Cs,Zingiberaceae,0.00756
Cu,Acanthaceae,2.05
Cu,Achariaceae,3.1
Cu,Agaricaceae,305.56
Cu,Amaranthaceae,907.79
Cu,Amaryllidaceae,370.46999999999997
Cu,Amblystegiaceae,6.01
Cu,Anacardiaceae,401.32
Cu,Anisophylleaceae,1.7
Cu,Annonaceae,25.6
Cu,Apiaceae,592.36
Cu,Apocynaceae,431.9
Cu,Araliaceae,89.0
Cu,Arecaceae,164.35
Cu,Asparagaceae,45.06
Cu,Asphodelaceae,3.6
Cu,Asteraceae,3202.8
Cu,Athyriaceae,39.33
Cu,Basellaceae,1.4
Cu,Berberidaceae,5.12
Cu,Betulaceae,10.883
Cu,Bignoniaceae,100.67
Cu,Bixaceae,7.4
Cu,Blechnaceae,152.0
Cu,Boraginaceae,43.33
Cu,Brassicaceae,420.66
Cu,Bromeliaceae,31.7
Cu,Burseraceae,1.7
Cu,Cactaceae,22.76
Cu,Cannabaceae,68.74000000000001
Cu,Capparaceae,9.52
Cu,Caricaceae,42.910000000000004
Cu,Caryophyllaceae,229.0
Cu,Cistaceae,19.7
Cu,Cladoniaceae,10.45
Cu,Clusiaceae,31.2
Cu,Combretaceae,62.589999999999996
Cu,Commelinaceae,338.2
Cu,Convolvulaceae,272.62
Cu,Cucurbitaceae,419.98
Cu,Cunoniaceae,47.9
Cu,Cupressaceae,8.66
Cu,Cyperaceae,257.55
Cu,Dennstaedtiaceae,15.6
Cu,Dioscoreaceae,19.56
Cu,Ebenaceae,8.16
Cu,Elaeagnaceae,98.56
Cu,Elaeocarpaceae,80.0
Cu,Ephedraceae,9.32
Cu,Equisetaceae,125.97
Cu,Ericaceae,3652.4
Cu,Euphorbiaceae,515.99
Cu,Fabaceae,5446.51
Cu,Fagaceae,73.84
Cu,Gentianaceae,1018.0
Cu,Hydnoraceae,9.79
Cu,Hylocomiaceae,4.57
Cu,Juglandaceae,25.74
Cu,Juncaceae,22.0
Cu,Lamiaceae,594.74
Cu,Lauraceae,208.9
Cu,Lecythidaceae,60.8
Cu,Lindsaeaceae,130.0
Cu,Loganiaceae,1.9000000000000001
Cu,Lythraceae,10.600000000000001
Cu,Malvaceae,490.17666667
Cu,Melastomataceae,3.0999999999999996
Cu,Meliaceae,26.439999999999998
Cu,Moraceae,50.6
Cu,Moringaceae,206.49
Cu,Musaceae,76.83
Cu,Myrtaceae,322.39
Cu,Nitrariaceae,5.6
Cu,Olacaceae,5.1
Cu,Oleaceae,93.44
Cu,Ophioglossaceae,10.3
Cu,Orchidaceae,2.82
Cu,Oxalidaceae,12.8
Cu,Papaveraceae,35.4
Cu,Parmeliaceae,80.22999999999999
Cu,Passifloraceae,47.6
Cu,Pedaliaceae,30.8
Cu,Peltigeraceae,3.36
Cu,Phyllanthaceae,259.96000000000004
Cu,Pinaceae,23.84
Cu,Piperaceae,3.9
Cu,Plantaginaceae,246.0
Cu,Plumbaginaceae,29.7
Cu,Poaceae,14443.10966666
Cu,Polygonaceae,60.78
Cu,Pontederiaceae,340.0
Cu,Primulaceae,74.6
Cu,Proteaceae,14.89
Cu,Ranunculaceae,28.5
Cu,Resedaceae,23.7
Cu,Rhamnaceae,43.370000000000005
Cu,Rosaceae,723.8
Cu,Rubiaceae,60.3
Cu,Rutaceae,227.98
Cu,Salicaceae,1381.685
Cu,Salvadoraceae,3.9
Cu,Santalaceae,25.3
Cu,Sapindaceae,383.04
Cu,Sapotaceae,93.6
Cu,Scrophulariaceae,36.35
Cu,Smilacaceae,25.6
Cu,Solanaceae,1365.59
Cu,Stereocaulaceae,1.83
Cu,Tamaricaceae,10.1
Cu,Teloschistaceae,1.93
Cu,Theaceae,40.2
Cu,Ulmaceae,7.95
Cu,Umbilicariaceae,26.03
Cu,Unknown,561.83
Cu,Various,1047.665
Cu,Verbenaceae,6191.1
Cu,Violaceae,83.2
Cu,Zingiberaceae,61.0
Cu,Zygophyllaceae,15.05
Dy,Agaricaceae,0.1077
Dy,Amaranthaceae,0.18630000000000002
Dy,Amaryllidaceae,0.00274
Dy,Anacardiaceae,0.015878999999999997
Dy,Arecaceae,0.00133
Dy,Asteraceae,0.964167
Dy,Brassicaceae,0.644182
Dy,Caricaceae,0.03916
Dy,Convolvulaceae,1.631661
Dy,Cucurbitaceae,1.7492
Dy,Dioscoreaceae,0.0019329999999999998
Dy,Euphorbiaceae,0.9586406000000001
Dy,Fabaceae,1.3890488
Dy,Malvaceae,2.5990510000000002
Dy,Moraceae,0.0517
Dy,Moringaceae,0.8049479
Dy,Musaceae,0.0016979999999999999
Dy,Myrtaceae,0.010279
Dy,Phyllanthaceae,0.003082
Dy,Poaceae,2.5882052
Dy,Proteaceae,0.000128
Dy,Rhamnaceae,0.0058200000000000005
Dy,Rosaceae,0.229
Dy,Rutaceae,0.00267
Dy,Solanaceae,0.050514
Dy,Theaceae,0.35409999999999997
Dy,Unknown,8.21655
Dy,Zingiberaceae,0.00174
Er,Agaricaceae,0.0327
Er,Amaranthaceae,0.10300000000000001
Er,Amaryllidaceae,0.00168
Er,Anacardiaceae,0.009544
Er,Arecaceae,0.001
Er,Asteraceae,0.35654240000000004
Er,Brassicaceae,0.31906
Er,Caricaceae,0.020868
Er,Convolvulaceae,0.8464263999999999
Er,Cucurbitaceae,1.02502
Er,Dioscoreaceae,0.000725
Er,Euphorbiaceae,0.527065
Er,Fabaceae,0.7419922
Er,Malvaceae,1.471598
Er,Moraceae,0.0212
Er,Moringaceae,0.422228
Er,Musaceae,0.0009
Er,Myrtaceae,0.005065999999999999
Er,Phyllanthaceae,0.0012339999999999999
Er,Poaceae,1.2532598
Er,Proteaceae,7.37e-05
Er,Rhamnaceae,0.00307
Er,Rosaceae,0.118
Er,Rutaceae,0.00124
Er,Solanaceae,0.031157
Er,Theaceae,0.2011
Er,Unknown,4.351655
Er,Zingiberaceae,0.00108
Eu,Agaricaceae,0.027790000000000002
Eu,Amaranthaceae,0.0608
Eu,Amaryllidaceae,0.00116
Eu,Anacardiaceae,0.005588
Eu,Arecaceae,0.000846
Eu,Asteraceae,0.3030035
Eu,Blechnaceae,3.28
Eu,Brassicaceae,0.20387
Eu,Caricaceae,0.013053
Eu,Convolvulaceae,0.557396
Eu,Cucurbitaceae,0.56066
Eu,Cyperaceae,922.0
Eu,Dioscoreaceae,6.99e-05
Eu,Ericaceae,0.089
Eu,Euphorbiaceae,0.40478200000000003
Eu,Fabaceae,0.45717179999999996
Eu,Gleicheniaceae,820.08
Eu,Malvaceae,0.7566098
Eu,Melastomataceae,37.0
Eu,Moraceae,0.0205
Eu,Moringaceae,0.9426100000000001
Eu,Musaceae,0.0006338
Eu,Myrtaceae,0.002191
Eu,Phyllanthaceae,0.0016610000000000001
Eu,Pinaceae,0.054
Eu,Poaceae,1.0799422
Eu,Polypodiaceae,1.03
Eu,Proteaceae,7.97e-05
Eu,Pteridaceae,2.05
Eu,Rhamnaceae,0.002221
Eu,Rosaceae,0.0792
Eu,Rutaceae,0.00145
Eu,Solanaceae,0.015424
Eu,Theaceae,0.1009
Eu,Thelypteridaceae,1.39
Eu,Unknown,2.417144
Eu,Various,0.7336
Eu,Zingiberaceae,0.000456
Fe,Acanthaceae,1253.99
Fe,Achariaceae,8.0
Fe,Agaricaceae,4422.0
Fe,Amaranthaceae,15809.61
Fe,Amaryllidaceae,962.0
Fe,Anacardiaceae,2339.31
Fe,Anisophylleaceae,4.3
Fe,Annonaceae,6.0
Fe,Apiaceae,13744.88
Fe,Apocynaceae,1328.46
Fe,Araceae,8310.0
Fe,Araliaceae,6010.0
Fe,Arecaceae,648.3000000000001
Fe,Aristolochiaceae,2695.0
Fe,Asparagaceae,326.93
Fe,Asphodelaceae,34.2
Fe,Asteraceae,26120.25
Fe,Athyriaceae,5600.0
Fe,Basellaceae,344.7
Fe,Berberidaceae,58.79
Fe,Bignoniaceae,538.86
Fe,Bixaceae,0.06
Fe,Blechnaceae,2106.0
Fe,Boraginaceae,349.45000000000005
Fe,Brassicaceae,12837.23
Fe,Bromeliaceae,936.75
Fe,Burseraceae,6.8
Fe,Cactaceae,135.18
Fe,Cannabaceae,744.13
Fe,Capparaceae,105.0
Fe,Caricaceae,143.1
Fe,Caryophyllaceae,10625.0
Fe,Chrysobalanaceae,2.6
Fe,Cistaceae,175.0
Fe,Clusiaceae,493.6
Fe,Combretaceae,1086.21
Fe,Commelinaceae,1159.2
Fe,Convolvulaceae,7067.74
Fe,Cucurbitaceae,27193.13
Fe,Cunoniaceae,662.0
Fe,Cyperaceae,171.25
Fe,Dennstaedtiaceae,5.7
Fe,Dioscoreaceae,291.2
Fe,Droseraceae,3914.0
Fe,Ebenaceae,165.43
Fe,Elaeagnaceae,2360.0
Fe,Elaeocarpaceae,1510.0
Fe,Ephedraceae,217.0
Fe,Equisetaceae,229.29
Fe,Ericaceae,347.58
Fe,Euphorbiaceae,10025.81
Fe,Fabaceae,30548.15
Fe,Fagaceae,1170.92
Fe,Gnetaceae,250.0
Fe,Hydnoraceae,1426.0
Fe,Hylocomiaceae,2640.0
Fe,Juglandaceae,166.49
Fe,Lamiaceae,35266.44
Fe,Lauraceae,3292.65
Fe,Lecythidaceae,150.3
Fe,Loganiaceae,4.2
Fe,Lythraceae,810.4
Fe,Malvaceae,20146.1
Fe,Melastomataceae,38.2
Fe,Meliaceae,641.5899999999999
Fe,Moraceae,214.6
Fe,Moringaceae,8877.34
Fe,Musaceae,5263.6
Fe,Myrtaceae,823.74
Fe,Nitrariaceae,449.0
Fe,Olacaceae,24.2
Fe,Oleaceae,601.53
Fe,Ophioglossaceae,96.1
Fe,Orchidaceae,73.5
Fe,Oxalidaceae,167.0
Fe,Papaveraceae,1723.77
Fe,Passifloraceae,358.4
Fe,Pedaliaceae,770.0
Fe,Phyllanthaceae,861.9
Fe,Pinaceae,1881.5
Fe,Piperaceae,294.9
Fe,Plantaginaceae,2432.0
Fe,Poaceae,58639.5
Fe,Polygonaceae,3179.7
Fe,Pontederiaceae,3690.0
Fe,Portulacaceae,9.32
Fe,Primulaceae,413.8
Fe,Proteaceae,306.8
Fe,Ranunculaceae,986.6
Fe,Rhamnaceae,236.2
Fe,Rosaceae,5114.01
Fe,Rubiaceae,1007.3
Fe,Rutaceae,1569.6399999999999
Fe,Salicaceae,9580.11
Fe,Salvadoraceae,25.0
Fe,Santalaceae,151.3
Fe,Sapindaceae,1587.05
Fe,Sapotaceae,4705.1
Fe,Scrophulariaceae,266.12
Fe,Smilacaceae,299.2
Fe,Solanaceae,7587.110000000001
Fe,Tamaricaceae,46.0
Fe,Theaceae,286.9
Fe,Unknown,80770.15
Fe,Urticaceae,13100.0
Fe,Various,53036.454
Fe,Verbenaceae,145.81
Fe,Violaceae,2985.0
Fe,Zingiberaceae,393.9
Fe,Zygophyllaceae,1837.69
Ga,Agaricaceae,0.2435
Ga,Amaranthaceae,0.2169
Ga,Amaryllidaceae,0.00501
Ga,Anacardiaceae,0.0246
Ga,Arecaceae,0.00701
Ga,Asteraceae,0.9619300000000001
Ga,Brassicaceae,0.8447
Ga,Caricaceae,0.009405
Ga,Convolvulaceae,1.382571
Ga,Cucurbitaceae,2.2905335
Ga,Euphorbiaceae,1.73783
Ga,Fabaceae,2.6007525
Ga,Lamiaceae,14.6
Ga,Malvaceae,1.3032299999999999
Ga,Moraceae,0.0458
Ga,Moringaceae,1.691
Ga,Musaceae,0.004626
Ga,Myrtaceae,0.002013
Ga,Phyllanthaceae,0.00565
Ga,Poaceae,5.3640043
Ga,Proteaceae,0.000475
Ga,Rhamnaceae,0.015050000000000001
Ga,Rosaceae,0.344
Ga,Rutaceae,0.00229
Ga,Solanaceae,0.06998
Ga,Theaceae,0.033954000000000005
Ga,Unknown,12.59015
Ga,Zingiberaceae,0.00799
Gd,Amaranthaceae,0.15589999999999998
Gd,Amaryllidaceae,0.0032
Gd,Anacardiaceae,0.02184
Gd,Arecaceae,0.00252
Gd,Asteraceae,1.813
Gd,Brassicaceae,1.00112
Gd,Caricaceae,0.05474
Gd,Convolvulaceae,2.291922
Gd,Cucurbitaceae,2.2711
Gd,Cyperaceae,4393.0
Gd,Dioscoreaceae,0.00957
Gd,Euphorbiaceae,1.259569
Gd,Fabaceae,1.72189
Gd,Gleicheniaceae,4740.0
Gd,Malvaceae,2.5605
Gd,Melastomataceae,130.0
Gd,Moringaceae,0.9936
Gd,Musaceae,0.003229
Gd,Myrtaceae,0.00914
Gd,Phyllanthaceae,0.0051600000000000005
Gd,Poaceae,7.5652092
Gd,Rhamnaceae,0.0086
Gd,Rosaceae,0.36
Gd,Rutaceae,0.00317
Gd,Solanaceae,0.06591999999999999
Gd,Unknown,10.15555
Ge,Fabaceae,0.0252
Ge,Poaceae,0.1519
Ge,Solanaceae,0.04819999999999999
Ge,Various,2.3195
Hf,Agaricaceae,0.0056500000000000005
Hf,Amaranthaceae,0.01514
Hf,Amaryllidaceae,0.00011
Hf,Anacardiaceae,0.0016349
Hf,Arecaceae,0.00019
Hf,Asteraceae,0.034684
Hf,Brassicaceae,0.053044
Hf,Caricaceae,0.0028513
Hf,Convolvulaceae,0.047955
Hf,Cucurbitaceae,0.092101
Hf,Dioscoreaceae,0.000191
Hf,Euphorbiaceae,0.067163
Hf,Fabaceae,0.12795531000000002
Hf,Malvaceae,0.05203
Hf,Moraceae,0.00239
Hf,Moringaceae,0.153537
Hf,Musaceae,0.0028406
Hf,Myrtaceae,0.0008979999999999999
Hf,Phyllanthaceae,0.000336
Hf,Plantaginaceae,1.32
Hf,Poaceae,1.2935588
Hf,Proteaceae,0.000236
Hf,Rhamnaceae,0.000465
Hf,Rosaceae,0.00449
Hf,Rutaceae,0.000255
Hf,Solanaceae,0.0046689999999999995
Hf,Theaceae,0.00164
Hf,Unknown,0.633147
Hf,Various,5.8767000000000005
Hg,Amaranthaceae,6.04
Hg,Amaryllidaceae,0.10833
Hg,Annonaceae,0.00075
Hg,Apiaceae,0.24224
Hg,Apocynaceae,0.02105
Hg,Arecaceae,0.00056
Hg,Asteraceae,0.0021
Hg,Bignoniaceae,0.5939099999999999
Hg,Brassicaceae,0.22725
Hg,Combretaceae,0.04
Hg,Convolvulaceae,0.065
Hg,Cucurbitaceae,0.17522
Hg,Cyperaceae,2.8972
Hg,Euphorbiaceae,9.9819
Hg,Fabaceae,0.9315
Hg,Hylocomiaceae,0.051
Hg,Lamiaceae,0.3989
Hg,Lythraceae,0.025
Hg,Malvaceae,0.80242
Hg,Marantaceae,6.790159999999999
Hg,Melastomataceae,0.5685
Hg,Moraceae,0.0012300000000000002
Hg,Muntingiaceae,0.2689
Hg,Myrtaceae,1.71509
Hg,Nitrariaceae,0.003
Hg,Onagraceae,0.2905
Hg,Pedaliaceae,0.00026
Hg,Phyllanthaceae,0.39690000000000003
Hg,Piperaceae,5.9196
Hg,Poaceae,10.52046
Hg,Polypodiaceae,1.7849
Hg,Pteridaceae,0.5167999999999999
Hg,Ranunculaceae,0.00029
Hg,Rhamnaceae,0.00042
Hg,Rutaceae,0.00022
Hg,Salvadoraceae,0.00023
Hg,Solanaceae,0.76226
Hg,Theaceae,0.0006
Hg,Unknown,0.064
Hg,Urticaceae,0.36283
Hg,Various,2.608
Hg,Verbenaceae,0.0018499999999999999
Hg,Zygophyllaceae,0.00021
Ho,Agaricaceae,0.01471
Ho,Amaranthaceae,0.03364
Ho,Amaryllidaceae,0.000529
Ho,Anacardiaceae,0.003143
Ho,Arecaceae,0.000308
Ho,Asteraceae,0.1437905
Ho,Brassicaceae,0.11274
Ho,Caricaceae,0.007249
Ho,Convolvulaceae,0.305044
Ho,Cucurbitaceae,0.33539
Ho,Dioscoreaceae,8.44e-05
Ho,Euphorbiaceae,0.171446
Ho,Fabaceae,0.2489225
Ho,Malvaceae,0.486975
Ho,Moraceae,0.00834
Ho,Moringaceae,0.13933
Ho,Musaceae,0.0004065
Ho,Myrtaceae,0.001855
Ho,Phyllanthaceae,0.000692
Ho,Poaceae,0.4076398
Ho,Proteaceae,2.08e-05
Ho,Rhamnaceae,0.0009629999999999999
Ho,Rosaceae,0.0394
Ho,Rutaceae,0.000437
Ho,Solanaceae,0.009826
Ho,Theaceae,0.0694
Ho,Unknown,1.359364
Ho,Zingiberaceae,0.00033
I,Betulaceae,0.41
I,Cupressaceae,0.37
I,Dennstaedtiaceae,0.87
I,Fabaceae,2.8899999999999997
I,Fagaceae,1.88
I,Pinaceae,1.22
I,Poaceae,10.1035
I,Rosaceae,0.46
I,Sapindaceae,1.05
I,Unknown,0.51
In,Various,0.7617999999999999
K,Acanthaceae,81664.6134
K,Achariaceae,4513.0
K,Agaricaceae,207560.0
K,Amaranthaceae,532527.9
K,Amaryllidaceae,57100.0
K,Anacardiaceae,242187.0
K,Annonaceae,4354.0
K,Apiaceae,241740.4
K,Apocynaceae,25075.1
K,Aquifoliaceae,51600.0
K,Araceae,24000.0
K,Araliaceae,129760.0
K,Arecaceae,56003.0
K,Asparagaceae,87379.3
K,Asphodelaceae,1089.0
K,Asteraceae,1074356.06
K,Athyriaceae,23700.0
K,Basellaceae,168.5
K,Berberidaceae,900.0
K,Bignoniaceae,74870.0
K,Boraginaceae,2540.0
K,Brassicaceae,1180943.5
K,Bromeliaceae,40560.0
K,Cactaceae,101470.0
K,Cannabaceae,18910.0
K,Capparaceae,23394.0
K,Caricaceae,146700.0
K,Caryophyllaceae,47650.0
K,Chrysobalanaceae,2233.0
K,Cistaceae,14500.0
K,Clusiaceae,8540.0
K,Combretaceae,12700.0
K,Commelinaceae,3900.0
K,Convolvulaceae,431570.0
K,Cucurbitaceae,965302.4
K,Cunoniaceae,14000.0
K,Cyatheaceae,117800.0
K,Dennstaedtiaceae,2947.0
K,Dioscoreaceae,67600.0
K,Ebenaceae,1940.0
K,Elaeagnaceae,9100.0
K,Elaeocarpaceae,10100.0
K,Ephedraceae,8550.0
K,Equisetaceae,12860.0
K,Ericaceae,78150.0
K,Euphorbiaceae,667660.0
K,Fabaceae,3324263.124
K,Fagaceae,5259.0
K,Gleicheniaceae,56400.0
K,Hydnoraceae,15451.0
K,Juglandaceae,31160.0
K,Lamiaceae,766099.1836
K,Lauraceae,74537.3
K,Lecythidaceae,49452.0
K,Loganiaceae,7692.0
K,Lythraceae,1500.0
K,Malvaceae,656434.1
K,Melastomataceae,2388.0
K,Meliaceae,129430.0
K,Moraceae,22516.0
K,Moringaceae,500500.0
K,Musaceae,76230.0
K,Myrtaceae,168630.0
K,Olacaceae,8429.0
K,Oleaceae,49930.0
K,Ophioglossaceae,8170.0
K,Orchidaceae,2384.0
K,Oxalidaceae,10100.0
K,Papaveraceae,14962.6
K,Passifloraceae,14652.0
K,Pedaliaceae,5080.0
K,Phyllanthaceae,64150.0
K,Pinaceae,54200.0
K,Piperaceae,5739.0
K,Plantaginaceae,9600.0
K,Poaceae,4594815.44
K,Polygonaceae,21566.0
K,Primulaceae,57289.3
K,Proteaceae,5610.0
K,Ranunculaceae,22645.3
K,Rhamnaceae,26657.0
K,Rosaceae,71796.9
K,Rubiaceae,104956.0
K,Rutaceae,50230.0
K,Salicaceae,79570.0
K,Santalaceae,100580.0
K,Sapindaceae,122729.74
K,Sapotaceae,20220.0
K,Scrophulariaceae,40100.0
K,Smilacaceae,3000.0
K,Solanaceae,899880.4771
K,Tamaricaceae,677.0
K,Theaceae,35000.0
K,Unknown,525380.0
K,Urticaceae,18700.0
K,Various,2052813.77
K,Verbenaceae,1370.0
K,Violaceae,14100.0
K,Zingiberaceae,92199.0
K,Zygophyllaceae,6745.36
La,Agaricaceae,2.825
La,Amaranthaceae,16.659
La,Amaryllidaceae,0.1085
La,Anacardiaceae,0.38911
La,Apiaceae,0.243
La,Arecaceae,0.0312
La,Asteraceae,24.90553
La,Blechnaceae,297.9
La,Brassicaceae,18.3367
La,Caricaceae,0.3627
La,Convolvulaceae,27.373639999999998
La,Cucurbitaceae,61.7979
La,Cyperaceae,5514.0
La,Dioscoreaceae,0.036430000000000004
La,Ericaceae,4.79
La,Euphorbiaceae,17.50969
La,Fabaceae,15.908
La,Gleicheniaceae,6488.0
La,Lauraceae,0.20279999999999998
La,Lecythidaceae,0.0367
La,Malvaceae,33.5338
La,Melastomataceae,160.0
La,Moraceae,0.215
La,Moringaceae,11.24536
La,Musaceae,0.03712
La,Myrtaceae,0.0354
La,Pedaliaceae,0.0589
La,Phyllanthaceae,0.1087
La,Pinaceae,2.053
La,Plantaginaceae,2.7
La,Poaceae,53.6318062
La,Polypodiaceae,72.6
La,Proteaceae,0.00176
La,Pteridaceae,163.8
La,Rhamnaceae,0.0605
La,Rosaceae,2.48
La,Rutaceae,0.0374
La,Solanaceae,0.71108
La,Theaceae,1.045
La,Thelypteridaceae,123.2
La,Unknown,89.0096
La,Various,34.1586
La,Zingiberaceae,0.0135
Li,Agaricaceae,17.342999999999996
Li,Amaranthaceae,10.9329
Li,Amaryllidaceae,1.2524
Li,Anacardiaceae,23.6366
Li,Apiaceae,6.4714
Li,Arecaceae,1.26
Li,Asteraceae,23.48596
Li,Brassicaceae,9.4842
Li,Capparaceae,0.53
Li,Caricaceae,11.0716
Li,Convolvulaceae,8.2306
Li,Cucurbitaceae,16.9088
Li,Dioscoreaceae,0.6982
Li,Ephedraceae,2.01
Li,Euphorbiaceae,9.9776
Li,Fabaceae,25.235896
Li,Fagaceae,0.08
Li,Lamiaceae,32.86
Li,Lauraceae,0.5142
Li,Lecythidaceae,0.0284
Li,Malvaceae,7.649
Li,Moraceae,0.207
Li,Moringaceae,24.33269
Li,Musaceae,0.3871
Li,Myrtaceae,0.951
Li,Orchidaceae,0.11
Li,Papaveraceae,6.89
Li,Pedaliaceae,0.0227
Li,Phyllanthaceae,1.4733
Li,Poaceae,46.8782211
Li,Proteaceae,0.21
Li,Ranunculaceae,0.47
Li,Rhamnaceae,0.0828
Li,Rosaceae,1.26
Li,Rutaceae,1.04
Li,Solanaceae,47.50901
Li,Theaceae,0.202
Li,Unknown,16.6989
Li,Zingiberaceae,0.0678
Li,Zygophyllaceae,8.0
Lu,Agaricaceae,0.00355
Lu,Amaranthaceae,0.00902
Lu,Amaryllidaceae,0.000181
Lu,Anacardiaceae,0.0007624999999999999
Lu,Arecaceae,0.000158
Lu,Asteraceae,0.0307599
Lu,Blechnaceae,6.79
Lu,Brassicaceae,0.02769
Lu,Caricaceae,0.0018255
Lu,Convolvulaceae,0.074139
Lu,Cucurbitaceae,0.104755
Lu,Dioscoreaceae,8.88e-05
Lu,Ericaceae,0.372
Lu,Euphorbiaceae,0.057387
Lu,Fabaceae,0.07590028
Lu,Gleicheniaceae,22.45
Lu,Malvaceae,0.1207349
Lu,Moraceae,0.00206
Lu,Moringaceae,0.041832
Lu,Musaceae,0.00040280000000000003
Lu,Myrtaceae,0.0003353
Lu,Phyllanthaceae,0.00017779999999999998
Lu,Pinaceae,0.225
Lu,Poaceae,1.5272682340000001
Lu,Polypodiaceae,4.71
Lu,Proteaceae,3.7e-05
Lu,Pteridaceae,9.24
Lu,Rhamnaceae,0.0002142
Lu,Rosaceae,0.0115
Lu,Rutaceae,6.38e-05
Lu,Solanaceae,0.0030793
Lu,Theaceae,0.028560000000000002
Lu,Thelypteridaceae,7.76
Lu,Unknown,0.451338
Lu,Zingiberaceae,7.81e-05
Mg,Acanthaceae,75371.8875
Mg,Achariaceae,12535.0
Mg,Agaricaceae,9987.0
Mg,Amaranthaceae,145105.9
Mg,Amaryllidaceae,5196.0
Mg,Anacardiaceae,32020.0
Mg,Anisophylleaceae,107.0
Mg,Annonaceae,288.0
Mg,Apiaceae,62648.6
Mg,Apocynaceae,8682.5
Mg,Aquifoliaceae,21000.0
Mg,Araceae,6210.0
Mg,Araliaceae,24790.0
Mg,Arecaceae,9727.0
Mg,Asparagaceae,2686.7
Mg,Asphodelaceae,264.0
Mg,Asteraceae,147251.52
Mg,Athyriaceae,5050.0
Mg,Basellaceae,275.1
Mg,Berberidaceae,2350.0
Mg,Bignoniaceae,6328.0
Mg,Boraginaceae,12170.0
Mg,Brassicaceae,103601.0
Mg,Bromeliaceae,1200.0
Mg,Burseraceae,75.2
Mg,Cactaceae,6390.0
Mg,Cannabaceae,6900.0
Mg,Capparaceae,4390.0
Mg,Caricaceae,15460.0
Mg,Caryophyllaceae,33410.0
Mg,Chrysobalanaceae,267.0
Mg,Cistaceae,2300.0
Mg,Clusiaceae,6252.0
Mg,Combretaceae,4995.0
Mg,Commelinaceae,2208.0
Mg,Convolvulaceae,57340.0
Mg,Cucurbitaceae,206046.5
Mg,Cunoniaceae,18500.0
Mg,Cyatheaceae,19200.0
Mg,Dennstaedtiaceae,197.0
Mg,Dioscoreaceae,4679.0
Mg,Ebenaceae,5430.0
Mg,Elaeagnaceae,8520.0
Mg,Elaeocarpaceae,3530.0
Mg,Ephedraceae,3949.0
Mg,Equisetaceae,2280.0
Mg,Ericaceae,19840.0
Mg,Euphorbiaceae,118131.0
Mg,Fabaceae,654490.49
Mg,Fagaceae,7346.0
Mg,Gleicheniaceae,5600.0
Mg,Juglandaceae,850.0
Mg,Lamiaceae,112227.6294
Mg,Lauraceae,10405.0
Mg,Lecythidaceae,15949.0
Mg,Loganiaceae,649.0
Mg,Lythraceae,5730.0
Mg,Malvaceae,112124.9
Mg,Melastomataceae,1167.0
Mg,Meliaceae,14670.0
Mg,Monimiaceae,22800.0
Mg,Moraceae,3702.0
Mg,Moringaceae,131560.0
Mg,Musaceae,9741.0
Mg,Myrtaceae,39214.0
Mg,Nitrariaceae,2955.0
Mg,Olacaceae,2262.0
Mg,Oleaceae,3620.0
Mg,Ophioglossaceae,5380.0
Mg,Orchidaceae,1210.0
Mg,Oxalidaceae,3200.0
Mg,Papaveraceae,12502.84
Mg,Passifloraceae,5192.0
Mg,Pedaliaceae,7510.0
Mg,Phyllanthaceae,36455.0
Mg,Pinaceae,13350.0
Mg,Piperaceae,1203.0
Mg,Poaceae,746786.77
Mg,Polygonaceae,4508.0
Mg,Primulaceae,23397.0
Mg,Proteaceae,10100.0
Mg,Ranunculaceae,7952.3
Mg,Rhamnaceae,10087.0
Mg,Rosaceae,21201.0
Mg,Rubiaceae,61380.0
Mg,Rutaceae,22303.0
Mg,Salicaceae,61880.0
Mg,Salvadoraceae,614.0
Mg,Santalaceae,2290.0
Mg,Sapindaceae,19800.0
Mg,Sapotaceae,19770.0
Mg,Scrophulariaceae,2860.0
Mg,Smilacaceae,2268.0
Mg,Solanaceae,70970.8061
Mg,Theaceae,4760.0
Mg,Unknown,141180.0
Mg,Urticaceae,4150.0
Mg,Various,388459.027
Mg,Verbenaceae,3710.0
Mg,Violaceae,50600.0
Mg,Zingiberaceae,12448.0
Mg,Zygophyllaceae,8258.0
Mn,Acanthaceae,3.9299999999999997
Mn,Achariaceae,17.5
Mn,Agaricaceae,86.60000000000001
Mn,Amaranthaceae,8811.88
Mn,Amaryllidaceae,289.17
Mn,Anacardiaceae,747.2900000000001
Mn,Anisophylleaceae,12.8
Mn,Annonaceae,4.2
Mn,Apiaceae,1726.6699999999998
Mn,Apocynaceae,281.6
Mn,Aquifoliaceae,13400.0
Mn,Arecaceae,319.5
Mn,Asparagaceae,25.6
Mn,Asphodelaceae,5.3
Mn,Asteraceae,3412.83
Mn,Basellaceae,25.4
Mn,Bignoniaceae,7.0
Mn,Bixaceae,30.5
Mn,Brassicaceae,3712.21
Mn,Burseraceae,2.6
Mn,Capparaceae,15.43
Mn,Caricaceae,43.470000000000006
Mn,Caryophyllaceae,776.0
Mn,Chrysobalanaceae,2.1
Mn,Cistaceae,37.0
Mn,Clusiaceae,1791.8
Mn,Combretaceae,517.5
Mn,Commelinaceae,79.8
Mn,Convolvulaceae,3524.94
Mn,Cucurbitaceae,2837.62
Mn,Cunoniaceae,990.0
Mn,Cyperaceae,187.0
Mn,Dennstaedtiaceae,2.4
Mn,Dioscoreaceae,229.12
Mn,Ephedraceae,41.5
Mn,Ericaceae,74688.0
Mn,Euphorbiaceae,4404.025
Mn,Fabaceae,26159.68
Mn,Fagaceae,1.6800000000000002
Mn,Gnetaceae,200.0
Mn,Hydnoraceae,0.57
Mn,Hylocomiaceae,113.0
Mn,Lamiaceae,2172.1
Mn,Lauraceae,118.4
Mn,Lecythidaceae,266.4
Mn,Loganiaceae,25.1
Mn,Lythraceae,62.800000000000004
Mn,Malvaceae,6504.04
Mn,Melastomataceae,50.4
Mn,Meliaceae,93.0
Mn,Moraceae,77.1
Mn,Moringaceae,1865.35
Mn,Musaceae,306.59000000000003
Mn,Myrtaceae,559.55
Mn,Nitrariaceae,44.1
Mn,Olacaceae,53.9
Mn,Ophioglossaceae,31.7
Mn,Orchidaceae,4.85
Mn,Oxalidaceae,247.0
Mn,Papaveraceae,224.1
Mn,Passifloraceae,5.3
Mn,Pedaliaceae,40.5
Mn,Phyllanthaceae,40683.18
Mn,Pinaceae,3368.5
Mn,Piperaceae,24.98
Mn,Poaceae,13768.523
Mn,Polygonaceae,5.1
Mn,Portulacaceae,1.1700000000000002
Mn,Primulaceae,11515.6
Mn,Proteaceae,6722.5
Mn,Ranunculaceae,110.1
Mn,Rhamnaceae,37.86
Mn,Rosaceae,108.62
Mn,Rubiaceae,35106.8
Mn,Rutaceae,30.32
Mn,Salicaceae,3177.41
Mn,Salvadoraceae,3.8
Mn,Sapindaceae,2388.67
Mn,Sapotaceae,611.7
Mn,Smilacaceae,55.8
Mn,Solanaceae,1453.84
Mn,Tamaricaceae,30.8
Mn,Theaceae,3370.0
Mn,Unknown,3783.19
Mn,Various,6200.813
Mn,Verbenaceae,1965.8000000000002
Mn,Violaceae,2700.0
Mn,Zingiberaceae,1088.6
Mn,Zygophyllaceae,68.98
Mo,Acanthaceae,1.31
Mo,Agaricaceae,0.31510000000000005
Mo,Amaranthaceae,8.245
Mo,Amaryllidaceae,3.2481000000000004
Mo,Anacardiaceae,0.1729
Mo,Apiaceae,0.5960000000000001
Mo,Arecaceae,0.646
Mo,Asteraceae,15.161
Mo,Brassicaceae,26.384999999999998
Mo,Caricaceae,1.124
Mo,Cistaceae,1.31
Mo,Convolvulaceae,6.2399000000000004
Mo,Cucurbitaceae,30.617
Mo,Dioscoreaceae,0.382
Mo,Ephedraceae,0.54
Mo,Euphorbiaceae,15.289163
Mo,Fabaceae,379.6041
Mo,Lamiaceae,43.55
Mo,Malvaceae,10.7924
Mo,Moraceae,0.489
Mo,Moringaceae,19.661
Mo,Musaceae,0.2022
Mo,Myrtaceae,2.8705
Mo,Oxalidaceae,0.58
Mo,Papaveraceae,1.52
Mo,Phyllanthaceae,2.3935
Mo,Poaceae,194.2545
Mo,Polygonaceae,0.02
Mo,Proteaceae,0.337
Mo,Rhamnaceae,0.23770000000000002
Mo,Rosaceae,1.13
Mo,Rutaceae,0.0561
Mo,Solanaceae,4.873
Mo,Theaceae,0.0323
Mo,Unknown,32.4345
Mo,Various,10.9657
Mo,Zingiberaceae,0.865
N,Acanthaceae,96200.0
N,Acoraceae,24000.0
N,Agaricaceae,81400.0
N,Alismataceae,369900.0
N,Amaranthaceae,854400.0
N,Anacardiaceae,26200.0
N,Apiaceae,17500.0
N,Aquifoliaceae,69000.0
N,Araceae,36700.0
N,Araliaceae,168600.0
N,Arecaceae,5000.0
N,Asparagaceae,13600.0
N,Asteraceae,1380900.0
N,Athyriaceae,37700.0
N,Berberidaceae,369100.0
N,Bignoniaceae,61100.0
N,Boraginaceae,775200.0
N,Brassicaceae,1029800.0
N,Bromeliaceae,15600.0
N,Butomaceae,527700.0
N,Cactaceae,178900.0
N,Cannabaceae,811200.0
N,Caprifoliaceae,16900.0
N,Ceratophyllaceae,556100.0
N,Cistaceae,52400.0
N,Clusiaceae,5600.0
N,Combretaceae,25800.0
N,Commelinaceae,5000.0
N,Cucurbitaceae,13200.0
N,Cyatheaceae,241800.0
N,Cyperaceae,2327600.0
N,Ebenaceae,783800.0
N,Elaeagnaceae,33500.0
N,Elaeocarpaceae,8600.0
N,Equisetaceae,32300.0
N,Ericaceae,118500.0
N,Euphorbiaceae,1002800.0
N,Fabaceae,5464350.0
N,Fagaceae,437700.0
N,Geraniaceae,198700.0
N,Gleicheniaceae,83600.0
N,Haloragaceae,1554000.0
N,Hydrocharitaceae,642500.0
N,Juglandaceae,37600.0
N,Juncaceae,25700.0
N,Juncaginaceae,1453100.0
N,Lamiaceae,731304.3
N,Lauraceae,65800.0
N,Lentibulariaceae,446500.0
N,Lythraceae,2800.0
N,Malvaceae,242210.0
N,Meliaceae,58500.0
N,Moringaceae,62500.0
N,Musaceae,3300.0
N,Myrtaceae,212600.0
N,Oleaceae,893900.0
N,Oxalidaceae,17800.0
N,Papaveraceae,14300.0
N,Passifloraceae,10500.0
N,Phyllanthaceae,7800.0
N,Pinaceae,55730.0
N,Plantaginaceae,1854900.0
N,Poaceae,4022200.0
N,Polygonaceae,863500.0
N,Potamogetonaceae,7179400.0
N,Primulaceae,78200.0
N,Ranunculaceae,2578900.0
N,Rhamnaceae,614200.0
N,Rosaceae,100600.0
N,Rubiaceae,308800.0
N,Ruppiaceae,83600.0
N,Rutaceae,1579900.0
N,Salicaceae,354300.0
N,Santalaceae,49200.0
N,Sapindaceae,568250.0
N,Sapotaceae,498000.0
N,Scrophulariaceae,532300.0
N,Smilacaceae,6100.0
N,Solanaceae,289400.0
N,Typhaceae,1846100.0
N,Unknown,15580.0
N,Urticaceae,28000.0
N,Various,1390800.0
N,Verbenaceae,429100.0
N,Zannichelliaceae,539600.0
N,Zygophyllaceae,418900.0
Na,Acanthaceae,44192.1105
Na,Achariaceae,144.0
Na,Agaricaceae,2566.0
Na,Amaranthaceae,145673.6
Na,Amaryllidaceae,639.0
Na,Anacardiaceae,2720.3
Na,Annonaceae,38.5
Na,Apiaceae,4454.64
Na,Apocynaceae,565.8
Na,Araceae,870.0
Na,Araliaceae,6000.0
Na,Arecaceae,6917.2
Na,Asparagaceae,263.9
Na,Asphodelaceae,30.0
Na,Asteraceae,46151.2
Na,Athyriaceae,790.0
Na,Basellaceae,150.1
Na,Bignoniaceae,3450.0
Na,Brassicaceae,67256.05
Na,Capparaceae,19.4
Na,Caricaceae,2576.0
Na,Chrysobalanaceae,21.5
Na,Clusiaceae,4500.0
Na,Combretaceae,680.0
Na,Commelinaceae,2000.0
Na,Convolvulaceae,14055.6
Na,Cucurbitaceae,21142.3
Na,Dennstaedtiaceae,24.0
Na,Dioscoreaceae,721.6
Na,Elaeagnaceae,510.0
Na,Elaeocarpaceae,420.0
Na,Ephedraceae,164.0
Na,Euphorbiaceae,28492.71
Na,Fabaceae,67664.6058
Na,Fagaceae,193.0
Na,Lamiaceae,27084.9275
Na,Lauraceae,459.29999999999995
Na,Lecythidaceae,21.3
Na,Lythraceae,5000.0
Na,Malvaceae,11074.9
Na,Melastomataceae,73.5
Na,Meliaceae,276.0
Na,Monimiaceae,10200.0
Na,Moraceae,64.80000000000001
Na,Moringaceae,19011.3
Na,Musaceae,6049.74
Na,Myrtaceae,13047.3
Na,Olacaceae,38.5
Na,Ophioglossaceae,544.0
Na,Orchidaceae,28.1
Na,Papaveraceae,731.8900000000001
Na,Passifloraceae,968.1
Na,Pedaliaceae,18.4
Na,Phyllanthaceae,535.66
Na,Pinaceae,10887.5
Na,Piperaceae,37.8
Na,Pittosporaceae,10300.0
Na,Plantaginaceae,200.0
Na,Poaceae,697119.8483
Na,Polygonaceae,940.0
Na,Primulaceae,731.0
Na,Proteaceae,10.1
Na,Ranunculaceae,271.21
Na,Rhamnaceae,58.8
Na,Rosaceae,855.3199999999999
Na,Rubiaceae,373.0
Na,Rutaceae,3774.5
Na,Sapindaceae,4570.0
Na,Sapotaceae,734.0
Na,Smilacaceae,7000.0
Na,Solanaceae,7032.5528
Na,Theaceae,211.6
Na,Unknown,30900.8
Na,Urticaceae,680.0
Na,Various,54997.192
Na,Zingiberaceae,754.6
Na,Zygophyllaceae,310.6
Nb,Agaricaceae,0.17563
Nb,Amaranthaceae,0.063263
Nb,Amaryllidaceae,0.00605
Nb,Anacardiaceae,0.10518100000000002
Nb,Arecaceae,0.005798
Nb,Asteraceae,0.756595
Nb,Brassicaceae,0.812003
Nb,Caricaceae,0.20975
Nb,Convolvulaceae,0.645852
Nb,Cucurbitaceae,1.2445202
Nb,Dioscoreaceae,0.017254
Nb,Euphorbiaceae,0.6857883
Nb,Fabaceae,2.4992964
Nb,Malvaceae,0.703235
Nb,Moraceae,0.01171
Nb,Moringaceae,1.185606
Nb,Musaceae,0.041529
Nb,Myrtaceae,0.012889999999999999
Nb,Phyllanthaceae,0.003075
Nb,Poaceae,6.31679216
Nb,Proteaceae,0.010573
Nb,Rhamnaceae,0.01927
Nb,Rosaceae,0.07966
Nb,Rutaceae,0.0017980000000000001
Nb,Solanaceae,0.095535
Nb,Theaceae,0.08223
Nb,Unknown,2.9075526
Nb,Zingiberaceae,0.00641
Nd,Agaricaceae,1.1720000000000002
Nd,Amaranthaceae,1.4969999999999999
Nd,Amaryllidaceae,0.0186
Nd,Anacardiaceae,0.12149
Nd,Arecaceae,0.013
Nd,Asteraceae,15.54608
Nd,Blechnaceae,364.1
Nd,Brassicaceae,6.593
Nd,Caricaceae,0.3032
Nd,Convolvulaceae,17.15582
Nd,Cucurbitaceae,15.9439
Nd,Cyperaceae,5264.0
Nd,Dioscoreaceae,0.00134
Nd,Ericaceae,5.890000000000001
Nd,Euphorbiaceae,11.649899999999999
Nd,Fabaceae,13.019051000000001
Nd,Gleicheniaceae,6847.0
Nd,Malvaceae,17.471320000000002
Nd,Melastomataceae,155.0
Nd,Moraceae,0.417
Nd,Moringaceae,17.7442
Nd,Musaceae,0.0171
Nd,Myrtaceae,0.02092
Nd,Phyllanthaceae,0.03357
Nd,Pinaceae,3.04
Nd,Poaceae,55.86105634
Nd,Polypodiaceae,111.4
Nd,Proteaceae,0.00146
Nd,Pteridaceae,231.6
Nd,Rhamnaceae,0.0505
Nd,Rosaceae,2.67
Nd,Rutaceae,0.0236
Nd,Solanaceae,0.42878
Nd,Theaceae,1.522
Nd,Thelypteridaceae,130.4
Nd,Unknown,66.2286
Nd,Various,23.199
Nd,Zingiberaceae,0.0119
Ni,Agaricaceae,5.179
Ni,Amaranthaceae,241.4
Ni,Amaryllidaceae,3.299
Ni,Amblystegiaceae,4.25
Ni,Anacardiaceae,61.741
Ni,Anisophylleaceae,0.6
Ni,Apiaceae,261.047
Ni,Apocynaceae,73.2
Ni,Arecaceae,3.71
Ni,Asteraceae,497.002
Ni,Basellaceae,70.1
Ni,Bixaceae,5.4
Ni,Brassicaceae,59.281
Ni,Capparaceae,13.95
Ni,Caricaceae,10.301
Ni,Caryophyllaceae,648.0
Ni,Cistaceae,1.48
Ni,Cladoniaceae,15.35
Ni,Clusiaceae,287.0
Ni,Combretaceae,11.4
Ni,Convolvulaceae,23.447
Ni,Cucurbitaceae,268.242
Ni,Cunoniaceae,17360.0
Ni,Cyperaceae,14.5
Ni,Dioscoreaceae,0.855
Ni,Elaeagnaceae,9.02
Ni,Ephedraceae,1.31
Ni,Euphorbiaceae,92.467
Ni,Fabaceae,761.302
Ni,Fagaceae,0.26
Ni,Hydnoraceae,3.54
Ni,Hylocomiaceae,4.24
Ni,Lamiaceae,447.78000000000003
Ni,Lauraceae,34.989
Ni,Lecythidaceae,1.36
Ni,Loganiaceae,0.5
Ni,Malvaceae,170.772
Ni,Melastomataceae,0.5
Ni,Moraceae,1.3
Ni,Moringaceae,31.211
Ni,Musaceae,1.3832
Ni,Myrtaceae,272.97
Ni,Olacaceae,1.0
Ni,Orchidaceae,4.8
Ni,Oxalidaceae,1.43
Ni,Papaveraceae,48.15
Ni,Parmeliaceae,74.73
Ni,Pedaliaceae,1.53
Ni,Peltigeraceae,3.98
Ni,Phyllanthaceae,45203.68
Ni,Piperaceae,0.55
Ni,Poaceae,2595.99774
Ni,Polygonaceae,1.2
Ni,Portulacaceae,0.42
Ni,Proteaceae,44.808
Ni,Ranunculaceae,9.92
Ni,Rhamnaceae,2.99
Ni,Rosaceae,17.84
Ni,Rubiaceae,25550.52
Ni,Rutaceae,0.785
Ni,Salicaceae,37980.22
Ni,Sapotaceae,40000.0
Ni,Solanaceae,123.45400000000001
Ni,Stereocaulaceae,1.93
Ni,Tamaricaceae,0.69
Ni,Teloschistaceae,3.45
Ni,Theaceae,12.620000000000001
Ni,Umbilicariaceae,12.080000000000002
Ni,Unknown,101.467
Ni,Various,360.0073
Ni,Verbenaceae,1197.5
Ni,Violaceae,59020.0
Ni,Zingiberaceae,6.03
Ni,Zygophyllaceae,33.550000000000004
P,Acanthaceae,4900.0
P,Agaricaceae,30830.0
P,Amaranthaceae,64816.64
P,Amaryllidaceae,13314.884
P,Anacardiaceae,20454.0
P,Apiaceae,26953.27
P,Apocynaceae,294.2
P,Aquifoliaceae,4430.0
P,Araceae,6870.0
P,Araliaceae,17020.0
P,Arecaceae,14440.0
P,Asparagaceae,4114.7
P,Asteraceae,155000.802
P,Athyriaceae,5000.0
P,Basellaceae,153.8
P,Berberidaceae,12420.0
P,Bignoniaceae,4820.0
P,Boraginaceae,62300.0
P,Brassicaceae,116469.626
P,Bromeliaceae,4450.0
P,Cactaceae,840.0
P,Cannabaceae,67300.0
P,Capparaceae,4437.0
P,Caprifoliaceae,950.0
P,Caricaceae,7290.0
P,Caryophyllaceae,5358.0
P,Cistaceae,2200.0
P,Clusiaceae,2340.0
P,Combretaceae,3530.0
P,Commelinaceae,1920.0
P,Convolvulaceae,53110.0
P,Cucurbitaceae,155281.9
P,Cunoniaceae,230.0
P,Cyatheaceae,18680.0
P,Cyperaceae,2700.0
P,Dioscoreaceae,8150.0
P,Ebenaceae,54680.0
P,Elaeagnaceae,4070.0
P,Elaeocarpaceae,680.0
P,Ephedraceae,2383.0
P,Equisetaceae,1510.0
P,Ericaceae,8240.0
P,Euphorbiaceae,208373.0
P,Fabaceae,985619.0
P,Fagaceae,15921.31
P,Gleicheniaceae,6170.0
P,Juglandaceae,2890.0
P,Lamiaceae,56941.23
P,Lauraceae,8886.0
P,Lecythidaceae,27717.0
P,Lythraceae,2500.0
P,Malvaceae,128151.1
P,Meliaceae,3780.0
P,Moraceae,3370.0
P,Moringaceae,104359.0
P,Musaceae,8777.0
P,Myrtaceae,17545.0
P,Oleaceae,52620.0
P,Ophioglossaceae,300.0
P,Orchidaceae,605.0
P,Oxalidaceae,1800.0
P,Papaveraceae,7095.0
P,Passifloraceae,2920.0
P,Pedaliaceae,7550.0
P,Phyllanthaceae,12631.0
P,Pinaceae,12412.0
P,Poaceae,1221586.37
P,Polygonaceae,2700.661
P,Primulaceae,9465.7
P,Proteaceae,2730.0
P,Ranunculaceae,7740.7
P,Rhamnaceae,44661.99
P,Rosaceae,12975.7
P,Rubiaceae,9566.0
P,Rutaceae,75190.0
P,Salicaceae,31330.0
P,Santalaceae,2400.0
P,Sapindaceae,36210.0
P,Sapotaceae,34330.0
P,Scrophulariaceae,14250.0
P,Smilacaceae,1300.0
P,Solanaceae,98988.0
P,Tamaricaceae,2100.0
P,Theaceae,7210.0
P,Unknown,93556.36
P,Urticaceae,5080.0
P,Various,336118.35
P,Verbenaceae,26040.0
P,Violaceae,1140.0
P,Zingiberaceae,6436.0
P,Zygophyllaceae,12690.0
Pb,Adoxaceae,2.6799999999999997
Pb,Agaricaceae,8.403
Pb,Alismataceae,35.24
Pb,Amaranthaceae,152.077
Pb,Amaryllidaceae,262.1438
Pb,Amblystegiaceae,7.07
Pb,Anacardiaceae,3.4566
Pb,Annonaceae,78.08
Pb,Apiaceae,64.66
Pb,Apocynaceae,170.19
Pb,Araceae,777.02
Pb,Araliaceae,144.8
Pb,Arecaceae,0.37489999999999996
Pb,Aristolochiaceae,81.24
Pb,Asparagaceae,262.6
Pb,Asteraceae,3409.3502
Pb,Balsaminaceae,101.5
Pb,Berberidaceae,23.799999999999997
Pb,Betulaceae,19.509999999999998
Pb,Bixaceae,0.9
Pb,Brassicaceae,214.2258
Pb,Capparaceae,1.83
Pb,Caricaceae,0.167
Pb,Cistaceae,1.39
Pb,Cladoniaceae,5.42
Pb,Clusiaceae,10.8
Pb,Combretaceae,7.9639999999999995
Pb,Commelinaceae,346.0
Pb,Convolvulaceae,263.9904
Pb,Cucurbitaceae,46.4621
Pb,Cunoniaceae,26.56
Pb,Cupressaceae,3.3
Pb,Cyperaceae,560.65
Pb,Dennstaedtiaceae,232.45
Pb,Dioscoreaceae,0.0771
Pb,Elaeagnaceae,8.19
Pb,Ephedraceae,0.3
Pb,Equisetaceae,304.0
Pb,Ericaceae,187.0
Pb,Euphorbiaceae,27.1618
Pb,Fabaceae,47008.9770041
Pb,Fagaceae,0.013000000000000001
Pb,Gentianaceae,2302.0
Pb,Hylocomiaceae,1.84
Pb,Juglandaceae,3.7600000000000002
Pb,Juncaceae,174.0
Pb,Lamiaceae,215.15
Pb,Lauraceae,63.373
Pb,Lecythidaceae,0.1
Pb,Lythraceae,0.293
Pb,Malvaceae,65.3706333
Pb,Meliaceae,0.98
Pb,Moraceae,38.544
Pb,Moringaceae,4.6841
Pb,Musaceae,0.28625999999999996
Pb,Myrtaceae,5253.37557
Pb,Nitrariaceae,0.252
Pb,Oleaceae,10.856
Pb,Ophioglossaceae,0.21
Pb,Oxalidaceae,326.51
Pb,Papaveraceae,175.46
Pb,Parmeliaceae,158.99
Pb,Pedaliaceae,0.07
Pb,Peltigeraceae,3.37
Pb,Phyllanthaceae,0.25604
Pb,Phytolaccaceae,90.22
Pb,Pinaceae,9.48
Pb,Plantaginaceae,947.83
Pb,Plumbaginaceae,182.0
Pb,Poaceae,7549.66468397
Pb,Polygonaceae,163.39
Pb,Pontederiaceae,160.0
Pb,Portulacaceae,0.5800000000000001
Pb,Proteaceae,1.43114
Pb,Ranunculaceae,90.526
Pb,Resedaceae,11.7
Pb,Rhamnaceae,187.7065
Pb,Rosaceae,1281.7
Pb,Rubiaceae,5.4
Pb,Rutaceae,0.168
Pb,Salicaceae,355.63
Pb,Salvadoraceae,0.031
Pb,Sapindaceae,4.79
Pb,Sapotaceae,80.21000000000001
Pb,Scrophulariaceae,38.21
Pb,Smilacaceae,96.32000000000001
Pb,Solanaceae,162.5409
Pb,Stereocaulaceae,0.76
Pb,Teloschistaceae,2.27
Pb,Theaceae,0.4013
Pb,Ulmaceae,3.6799999999999997
Pb,Umbilicariaceae,53.92
Pb,Unknown,28.9755
Pb,Various,30899.7261
Pb,Verbenaceae,3372.65
Pb,Violaceae,348.68
Pb,Vitaceae,87.74000000000001
Pb,Zingiberaceae,0.618
Pb,Zygophyllaceae,111.461
Pr,Agaricaceae,0.31479999999999997
Pr,Amaranthaceae,0.38539999999999996
Pr,Amaryllidaceae,0.00431
Pr,Anacardiaceae,0.02798
Pr,Arecaceae,0.00378
Pr,Asteraceae,5.404064
Pr,Brassicaceae,1.652
Pr,Caricaceae,0.0729
Pr,Convolvulaceae,4.433951
Pr,Cucurbitaceae,4.1294
Pr,Cyperaceae,1889.0
Pr,Dioscoreaceae,0.000596
Pr,Euphorbiaceae,3.08259
Pr,Fabaceae,30.403138
Pr,Gleicheniaceae,2050.0
Pr,Malvaceae,3.81669
Pr,Melastomataceae,55.0
Pr,Moraceae,0.0812
Pr,Moringaceae,3.2252
Pr,Musaceae,0.0037340000000000003
Pr,Myrtaceae,0.00617
Pr,Phyllanthaceae,0.00822
Pr,Poaceae,6.205203567
Pr,Proteaceae,0.000404
Pr,Rhamnaceae,0.01303
Pr,Rosaceae,0.647
Pr,Rutaceae,0.00597
Pr,Solanaceae,0.10763
Pr,Theaceae,0.3365
Pr,Unknown,18.01387
Pr,Various,3.7885999999999997
Pr,Zingiberaceae,0.0028
Rb,Agaricaceae,1003.4
Rb,Amaranthaceae,691.81
Rb,Amaryllidaceae,14.419999999999998
Rb,Anacardiaceae,245.06
Rb,Apiaceae,124.0
Rb,Arecaceae,30.7
Rb,Asteraceae,669.9300000000001
Rb,Brassicaceae,738.02
Rb,Caricaceae,120.80000000000001
Rb,Convolvulaceae,648.58
Rb,Cucurbitaceae,1024.94
Rb,Dioscoreaceae,50.230000000000004
Rb,Euphorbiaceae,870.09
Rb,Fabaceae,2267.06
Rb,Hydnoraceae,17.35
Rb,Lauraceae,32.58
Rb,Lecythidaceae,80.8
Rb,Malvaceae,652.74
Rb,Moraceae,39.1
Rb,Moringaceae,266.34
Rb,Musaceae,115.91
Rb,Myrtaceae,69.1
Rb,Pedaliaceae,1.63
Rb,Phyllanthaceae,90.1
Rb,Piperaceae,1.97
Rb,Plantaginaceae,10.6
Rb,Poaceae,1129.153
Rb,Proteaceae,24.8
Rb,Rhamnaceae,29.08
Rb,Rosaceae,12.0
Rb,Rubiaceae,1.74
Rb,Rutaceae,7.58
Rb,Solanaceae,1203.56
Rb,Tamaricaceae,0.74
Rb,Theaceae,156.9
Rb,Unknown,527.7
Rb,Various,341.795
Rb,Zingiberaceae,12.5
Rb,Zygophyllaceae,1.46
S,Acanthaceae,3910.0
S,Acoraceae,3460.0
S,Agaricaceae,1810.0
S,Alismataceae,77380.0
S,Amaranthaceae,39897.3
S,Amaryllidaceae,17550.0
S,Anacardiaceae,5396.0
S,Anisophylleaceae,7070.0
S,Apiaceae,21984.0
S,Arecaceae,3039.0
S,Asparagaceae,1571.7
S,Asteraceae,25312.2
S,Brassicaceae,153135.0
S,Butomaceae,155810.0
S,Capparaceae,12896.0
S,Ceratophyllaceae,88070.0
S,Cistaceae,3000.0
S,Convolvulaceae,6950.0
S,Cucurbitaceae,77710.0
S,Cyperaceae,702740.0
S,Dichapetalaceae,12000.0
S,Dioscoreaceae,1851.0
S,Equisetaceae,16640.0
S,Euphorbiaceae,27670.0
S,Fabaceae,36021.0
S,Fagaceae,15.240000000000002
S,Haloragaceae,391300.0
S,Hydrocharitaceae,269320.0
S,Juncaceae,1860.0
S,Juncaginaceae,366700.0
S,Lamiaceae,27958.0
S,Lauraceae,5119.0
S,Lecythidaceae,15006.0
S,Lentibulariaceae,118830.0
S,Malvaceae,25291.0
S,Moringaceae,111985.0
S,Musaceae,522.0
S,Myrtaceae,6400.0
S,Orchidaceae,999.0
S,Oxalidaceae,1600.0
S,Papaveraceae,4813.0
S,Pedaliaceae,3390.0
S,Phyllanthaceae,10220.0
S,Pinaceae,6240.0
S,Plantaginaceae,479900.0
S,Poaceae,372370.0
S,Polygonaceae,85760.0
S,Potamogetonaceae,2176840.0
S,Primulaceae,1302.7
S,Ranunculaceae,550414.1
S,Rhamnaceae,18.28
S,Rosaceae,6413.53
S,Rubiaceae,10400.0
S,Ruppiaceae,44060.0
S,Salicaceae,7800.0
S,Sapindaceae,5860.0
S,Solanaceae,35613.0
S,Typhaceae,506910.0
S,Unknown,13322.0
S,Various,95000.0
S,Zannichelliaceae,129400.0
Sb,Agaricaceae,0.00828
Sb,Amaranthaceae,0.04731
Sb,Amaryllidaceae,0.00923
Sb,Anacardiaceae,0.0232
Sb,Apiaceae,0.00333
Sb,Arecaceae,0.000748
Sb,Asteraceae,1.24389
Sb,Brassicaceae,0.1506
Sb,Caricaceae,0.006922
Sb,Cladoniaceae,0.183
Sb,Convolvulaceae,0.092446
Sb,Cucurbitaceae,0.10876
Sb,Dioscoreaceae,0.003894
Sb,Elaeagnaceae,0.82
Sb,Euphorbiaceae,0.1273222
Sb,Fabaceae,3.0756311
Sb,Lauraceae,0.00623
Sb,Lecythidaceae,0.00588
Sb,Malvaceae,0.08257300000000001
Sb,Moraceae,0.00207
Sb,Moringaceae,0.096341
Sb,Musaceae,0.00665
Sb,Myrtaceae,0.000252
Sb,Parmeliaceae,0.672
Sb,Pedaliaceae,0.000378
Sb,Peltigeraceae,0.025
Sb,Phyllanthaceae,0.006187
Sb,Plantaginaceae,0.45
Sb,Poaceae,27.5579749
Sb,Proteaceae,0.000651
Sb,Rhamnaceae,0.00443
Sb,Rosaceae,0.00219
Sb,Rutaceae,0.000657
Sb,Solanaceae,0.049625999999999997
Sb,Stereocaulaceae,0.02
Sb,Teloschistaceae,0.077
Sb,Theaceae,0.002811
Sb,Umbilicariaceae,0.123
Sb,Unknown,0.252469
Sb,Various,15.5364
Sb,Zingiberaceae,0.00202
Sc,Cyperaceae,2657.0
Sc,Gleicheniaceae,2970.0
Sc,Melastomataceae,80.0
Sc,Plantaginaceae,0.49
Sc,Poaceae,0.4
Sc,Various,5.346
Se,Agaricaceae,2.532
Se,Amaranthaceae,1.0916
Se,Amaryllidaceae,0.1412
Se,Anacardiaceae,0.7016
Se,Anisophylleaceae,2.8
Se,Apiaceae,55.663
Se,Apocynaceae,0.46
Se,Arecaceae,0.28800000000000003
Se,Asteraceae,4.68377
Se,Brassicaceae,9.4291
Se,Caricaceae,0.7904
Se,Combretaceae,0.08
Se,Convolvulaceae,1.66704
Se,Cucurbitaceae,4.4852
Se,Dioscoreaceae,0.03617
Se,Ephedraceae,0.28
Se,Euphorbiaceae,4.98668
Se,Fabaceae,67.6623312
Se,Lamiaceae,8.5
Se,Lauraceae,0.24330000000000002
Se,Lecythidaceae,0.0377
Se,Lythraceae,0.19
Se,Malvaceae,3.16835
Se,Moraceae,0.0432
Se,Moringaceae,23.0612
Se,Musaceae,0.23686
Se,Myrtaceae,0.0432
Se,Nitrariaceae,0.43
Se,Orchidaceae,2.48
Se,Papaveraceae,2.88
Se,Pedaliaceae,0.151
Se,Phyllanthaceae,0.049699999999999994
Se,Poaceae,754.1071
Se,Proteaceae,0.198
Se,Ranunculaceae,39.24
Se,Rhamnaceae,114.0851
Se,Rosaceae,0.0346
Se,Rutaceae,0.08
Se,Salvadoraceae,0.05
Se,Solanaceae,127.31062
Se,Theaceae,0.1281
Se,Unknown,30.77
Se,Various,7.4076
Se,Zingiberaceae,0.0674
Se,Zygophyllaceae,0.04
Si,Acanthaceae,7432.137
Si,Agaricaceae,839.0
Si,Amaranthaceae,3639.1
Si,Amaryllidaceae,130.7
Si,Anacardiaceae,2442.2
Si,Anisophylleaceae,26.5
Si,Annonaceae,43.7
Si,Apiaceae,66.5
Si,Apocynaceae,343.59999999999997
Si,Arecaceae,396.5
Si,Asteraceae,13952.91
Si,Brassicaceae,11050.3
Si,Burseraceae,129.0
Si,Caricaceae,332.6
Si,Convolvulaceae,9680.3
Si,Cucurbitaceae,22692.4
Si,Dioscoreaceae,80.7
Si,Ephedraceae,16.7
Si,Euphorbiaceae,13031.39
Si,Fabaceae,18874.93
Si,Fagaceae,5.76
Si,Lamiaceae,244187.2
Si,Lauraceae,137.0
Si,Lecythidaceae,148.0
Si,Loganiaceae,71.7
Si,Malvaceae,10733.2
Si,Melastomataceae,116.0
Si,Moraceae,460.0
Si,Moringaceae,16946.79
Si,Musaceae,1263.8
Si,Myrtaceae,232.43
Si,Pedaliaceae,37.2
Si,Phyllanthaceae,335.8
Si,Pinaceae,5328.702
Si,Piperaceae,167.0
Si,Poaceae,197594.04
Si,Polygonaceae,44.1
Si,Proteaceae,15.3
Si,Rhamnaceae,134.56
Si,Rosaceae,1072.13
Si,Rubiaceae,77.3
Si,Rutaceae,52.5
Si,Salicaceae,110.1
Si,Sapindaceae,40287.505
Si,Solanaceae,1883.9
Si,Theaceae,202.0
Si,Unknown,30110.62
Si,Various,10410.0
Si,Zingiberaceae,279.3
Sm,Agaricaceae,0.2524
Sm,Amaranthaceae,0.2576
Sm,Amaryllidaceae,0.00368
Sm,Anacardiaceae,0.023674
Sm,Arecaceae,0.00267
Sm,Asteraceae,2.558556
Sm,Blechnaceae,131.3
Sm,Brassicaceae,1.0616
Sm,Caricaceae,0.05253
Sm,Convolvulaceae,2.601403
Sm,Cucurbitaceae,2.7178
Sm,Dioscoreaceae,0.000341
Sm,Ericaceae,2.052
Sm,Euphorbiaceae,1.942934
Sm,Fabaceae,2.3488759999999997
Sm,Gleicheniaceae,305.0
Sm,Malvaceae,3.25199
Sm,Moraceae,0.0877
Sm,Moringaceae,3.95061
Sm,Musaceae,0.004223
Sm,Myrtaceae,0.007719999999999999
Sm,Phyllanthaceae,0.0049559999999999995
Sm,Pinaceae,1.4889999999999999
Sm,Plantaginaceae,0.35
Sm,Poaceae,14.6430186
Sm,Polypodiaceae,47.6
Sm,Proteaceae,0.000173
Sm,Pteridaceae,94.7
Sm,Rhamnaceae,0.00906
Sm,Rosaceae,0.472
Sm,Rutaceae,0.00326
Sm,Solanaceae,0.07482
Sm,Theaceae,0.3593
Sm,Thelypteridaceae,47.6
Sm,Unknown,11.91489
Sm,Various,4.3182
Sm,Zingiberaceae,0.00343
Sn,Agaricaceae,0.507
Sn,Amaranthaceae,3.34559
Sn,Amaryllidaceae,2.2986999999999997
Sn,Anacardiaceae,4.76878
Sn,Apiaceae,0.0841
Sn,Apocynaceae,0.0053
Sn,Arecaceae,0.5123
Sn,Asteraceae,0.95102
Sn,Brassicaceae,7.9245
Sn,Caricaceae,2.6307
Sn,Combretaceae,0.0548
Sn,Convolvulaceae,2.65666
Sn,Cucurbitaceae,3.94827
Sn,Dioscoreaceae,0.04511
Sn,Euphorbiaceae,4.7251330000000005
Sn,Fabaceae,10.518495
Sn,Lauraceae,1.605
Sn,Lecythidaceae,0.00329
Sn,Lythraceae,0.0532
Sn,Malvaceae,1.98449
Sn,Moraceae,0.328
Sn,Moringaceae,1.7139739999999999
Sn,Musaceae,1.0351
Sn,Myrtaceae,0.5660000000000001
Sn,Nitrariaceae,0.0387
Sn,Pedaliaceae,0.02085
Sn,Phyllanthaceae,1.19215
Sn,Poaceae,18.3931309
Sn,Proteaceae,0.0964
Sn,Ranunculaceae,0.083
Sn,Rhamnaceae,1.1991
Sn,Rosaceae,0.396
Sn,Rutaceae,0.4691
Sn,Salvadoraceae,0.0226
Sn,Solanaceae,5.508100000000001
Sn,Theaceae,0.2591
Sn,Unknown,1.37331922
Sn,Various,1.6414
Sn,Zingiberaceae,0.584
Sn,Zygophyllaceae,0.0171
Sr,Achariaceae,4.3
Sr,Agaricaceae,9.32
Sr,Amaranthaceae,1556.2
Sr,Amaryllidaceae,82.6
Sr,Anacardiaceae,128.27
Sr,Anisophylleaceae,0.7
Sr,Annonaceae,3.3
Sr,Apiaceae,498.28000000000003
Sr,Apocynaceae,7.5
Sr,Arecaceae,10.719999999999999
Sr,Asphodelaceae,32.7
Sr,Asteraceae,1081.71
Sr,Brassicaceae,2853.6
Sr,Burseraceae,0.6
Sr,Capparaceae,90.4
Sr,Caricaceae,401.19
Sr,Chrysobalanaceae,2.6
Sr,Convolvulaceae,788.4
Sr,Cucurbitaceae,9475.81
Sr,Dioscoreaceae,40.42
Sr,Ephedraceae,49.8
Sr,Euphorbiaceae,1927.1100000000001
Sr,Fabaceae,6713.45
Sr,Fagaceae,1.1099999999999999
Sr,Lamiaceae,1231.03
Sr,Lauraceae,105.63
Sr,Lecythidaceae,242.3
Sr,Loganiaceae,2.0
Sr,Malvaceae,2625.7
Sr,Melastomataceae,7.9
Sr,Moraceae,89.6
Sr,Moringaceae,2653.44
Sr,Musaceae,27.968
Sr,Myrtaceae,13.16
Sr,Olacaceae,1.0
Sr,Orchidaceae,11.4
Sr,Papaveraceae,70.6
Sr,Passifloraceae,1.6
Sr,Pedaliaceae,68.7
Sr,Phyllanthaceae,28.12
Sr,Piperaceae,6.2
Sr,Plantaginaceae,82.0
Sr,Poaceae,1245.4718
Sr,Polygonaceae,0.4
Sr,Proteaceae,2.87
Sr,Ranunculaceae,28.3
Sr,Rhamnaceae,34.709999999999994
Sr,Rosaceae,70.69
Sr,Rubiaceae,7.1
Sr,Rutaceae,44.1
Sr,Solanaceae,186.589
Sr,Theaceae,69.1
Sr,Unknown,3626.16
Sr,Various,2406.56
Sr,Zingiberaceae,13.58
Ta,Agaricaceae,0.0017920000000000002
Ta,Amaranthaceae,0.01222
Ta,Anacardiaceae,0.016510999999999998
Ta,Arecaceae,0.00293
Ta,Asteraceae,0.01652365
Ta,Brassicaceae,0.04395
Ta,Caricaceae,0.01074
Ta,Convolvulaceae,0.034601
Ta,Cucurbitaceae,0.038914000000000004
Ta,Dioscoreaceae,0.00269
Ta,Euphorbiaceae,0.068549
Ta,Fabaceae,0.11546033
Ta,Malvaceae,0.019827
Ta,Moraceae,0.000292
Ta,Moringaceae,0.0215
Ta,Musaceae,0.01251
Ta,Myrtaceae,0.00999
Ta,Plantaginaceae,0.08
Ta,Poaceae,0.287428
Ta,Proteaceae,0.000291
Ta,Rosaceae,0.00282
Ta,Solanaceae,0.026619999999999998
Ta,Theaceae,0.000139
Ta,Unknown,0.030297
Ta,Various,0.5026
Ta,Zingiberaceae,0.00121
Tb,Agaricaceae,0.02011
Tb,Amaranthaceae,0.03102
Tb,Amaryllidaceae,0.000453
Tb,Anacardiaceae,0.0025549
Tb,Arecaceae,0.00027
Tb,Asteraceae,0.191971
Tb,Blechnaceae,22.89
Tb,Brassicaceae,0.11064
Tb,Caricaceae,0.0064659999999999995
Tb,Convolvulaceae,0.2820345
Tb,Cucurbitaceae,0.29444
Tb,Dioscoreaceae,2.76e-06
Tb,Ericaceae,0.507
Tb,Euphorbiaceae,0.205261
Tb,Fabaceae,0.2368308
Tb,Gleicheniaceae,47.599999999999994
Tb,Malvaceae,0.41373509999999997
Tb,Moraceae,0.00874
Tb,Moringaceae,0.654853
Tb,Musaceae,0.0003454
Tb,Myrtaceae,0.0014724
Tb,Phyllanthaceae,0.0006050000000000001
Tb,Pinaceae,0.35810000000000003
Tb,Poaceae,2.7537060899999997
Tb,Polypodiaceae,10.51
Tb,Proteaceae,1.43e-06
Tb,Pteridaceae,20.41
Tb,Rhamnaceae,0.0011840000000000002
Tb,Rosaceae,0.0422
Tb,Rutaceae,0.000532
Tb,Solanaceae,0.0089009
Tb,Theaceae,0.05611
Tb,Thelypteridaceae,13.14
Tb,Unknown,1.235278
Tb,Various,0.51205
Tb,Zingiberaceae,0.000368
Th,Agaricaceae,1.407
Th,Amaranthaceae,4.5600000000000005
Th,Amaryllidaceae,0.007102000000000001
Th,Anacardiaceae,0.0229081
Th,Apiaceae,0.0282
Th,Arecaceae,0.00258
Th,Asteraceae,4.16439
Th,Brassicaceae,3.6901699999999997
Th,Caricaceae,0.020125
Th,Convolvulaceae,1.742083
Th,Cucurbitaceae,12.151900000000001
Th,Dioscoreaceae,0.00802
Th,Euphorbiaceae,0.80421
Th,Fabaceae,1.7277662
Th,Lauraceae,0.01379
Th,Lecythidaceae,0.00433
Th,Malvaceae,4.33397
Th,Moraceae,0.0181
Th,Moringaceae,0.89378
Th,Musaceae,0.009653
Th,Myrtaceae,0.00011
Th,Pedaliaceae,0.0115
Th,Phyllanthaceae,0.011178
Th,Plantaginaceae,0.63
Th,Poaceae,3.3447911
Th,Proteaceae,0.00322
Th,Rhamnaceae,0.00414
Th,Rosaceae,0.153
Th,Rutaceae,0.000377
Th,Solanaceae,0.074632
Th,Theaceae,0.023939
Th,Unknown,13.53092
Th,Various,8.9879
Ti,Agaricaceae,68.64999999999999
Ti,Amaranthaceae,480.42
Ti,Amaryllidaceae,2.124
Ti,Anacardiaceae,7.54
Ti,Anisophylleaceae,0.3
Ti,Annonaceae,0.6
Ti,Apiaceae,2.12
Ti,Apocynaceae,5.9
Ti,Arecaceae,1.01
Ti,Asphodelaceae,2.0
Ti,Asteraceae,348.504
Ti,Brassicaceae,479.046
Ti,Burseraceae,1.0
Ti,Caricaceae,2.143
Ti,Convolvulaceae,280.7706
Ti,Cucurbitaceae,1372.702
Ti,Dioscoreaceae,2.023
Ti,Euphorbiaceae,214.6718
Ti,Fabaceae,521.6633
Ti,Hylocomiaceae,220.0
Ti,Lamiaceae,3104.0
Ti,Lauraceae,6.787999999999999
Ti,Lecythidaceae,0.591
Ti,Loganiaceae,0.7
Ti,Malvaceae,667.962
Ti,Moraceae,4.99
Ti,Moringaceae,267.987
Ti,Musaceae,1.3559999999999999
Ti,Myrtaceae,3.8108000000000004
Ti,Pedaliaceae,4.34
Ti,Phyllanthaceae,2.686
Ti,Piperaceae,3.0
Ti,Poaceae,429.94987000000003
Ti,Polygonaceae,0.5
Ti,Proteaceae,0.165
Ti,Rhamnaceae,2.52
Ti,Rosaceae,65.7
Ti,Rubiaceae,1.3
Ti,Rutaceae,0.677
Ti,Solanaceae,25.155
Ti,Theaceae,4.01
Ti,Unknown,2794.81
Ti,Various,12857.18
Ti,Zingiberaceae,0.514
Tm,Agaricaceae,0.02898
Tm,Amaranthaceae,0.0115623
Tm,Amaryllidaceae,0.000449
Tm,Anacardiaceae,0.015563800000000001
Tm,Arecaceae,0.0002242
Tm,Asteraceae,0.06914250000000001
Tm,Brassicaceae,0.0470846
Tm,Caricaceae,0.015215
Tm,Convolvulaceae,0.12485711
Tm,Cucurbitaceae,0.142677
Tm,Dioscoreaceae,0.010163100000000001
Tm,Euphorbiaceae,0.16350546000000002
Tm,Fabaceae,0.29271291
Tm,Malvaceae,0.2188172
Tm,Moraceae,0.002516
Tm,Moringaceae,0.23940899999999998
Tm,Musaceae,0.0021107
Tm,Myrtaceae,0.0120375
Tm,Phyllanthaceae,0.0006166
Tm,Poaceae,1.2262042375
Tm,Proteaceae,0.00495
Tm,Rhamnaceae,0.0010179999999999998
Tm,Rosaceae,0.013194
Tm,Rutaceae,8.5e-05
Tm,Solanaceae,0.0091625
Tm,Theaceae,0.04393
Tm,Unknown,0.6092749
Tm,Zingiberaceae,0.0001721
U,Agaricaceae,0.1607
U,Amaranthaceae,0.57769
U,Amaryllidaceae,0.0028989999999999997
U,Anacardiaceae,0.013877
U,Apiaceae,0.00732
U,Arecaceae,0.00079
U,Asteraceae,321.89593
U,Brassicaceae,494.189193
U,Caricaceae,0.007023
U,Convolvulaceae,0.5385672
U,Cucurbitaceae,2.421831
U,Dioscoreaceae,0.005696
U,Euphorbiaceae,0.18792889999999998
U,Fabaceae,0.499108
U,Lauraceae,0.0055899999999999995
U,Lecythidaceae,0.000716
U,Malvaceae,0.8708049999999999
U,Moraceae,0.00442
U,Moringaceae,0.21725
U,Musaceae,0.0021798
U,Myrtaceae,0.00058
U,Pedaliaceae,0.00318
U,Phyllanthaceae,0.002248
U,Plantaginaceae,0.2
U,Poaceae,2.47008901
U,Rhamnaceae,0.001798
U,Rosaceae,0.0545
U,Rutaceae,0.000492
U,Solanaceae,0.059029
U,Theaceae,0.002998
U,Unknown,1.5502610000000001
U,Various,7.9125000000000005
U,Zingiberaceae,0.00105
V,Agaricaceae,3.6660000000000004
V,Amaranthaceae,24.913
V,Amaryllidaceae,0.04615
V,Anacardiaceae,0.5201
V,Apiaceae,92.2843
V,Asteraceae,13.7309
V,Brassicaceae,27.4682
V,Capparaceae,9.71
V,Caricaceae,0.00987
V,Cladoniaceae,8.35
V,Convolvulaceae,16.58437
V,Cucurbitaceae,55.50604
V,Dioscoreaceae,0.07930000000000001
V,Ephedraceae,0.34
V,Euphorbiaceae,11.81297
V,Fabaceae,33.943681
V,Lamiaceae,301.96
V,Lauraceae,6.361
V,Lecythidaceae,0.0187
V,Malvaceae,30.2059
V,Moraceae,0.414
V,Moringaceae,16.5264
V,Musaceae,0.04569
V,Myrtaceae,0.00719
V,Orchidaceae,1.08
V,Papaveraceae,13.9
V,Parmeliaceae,161.69
V,Pedaliaceae,0.132
V,Peltigeraceae,2.97
V,Phyllanthaceae,0.1244
V,Poaceae,68.333409
V,Proteaceae,0.00911
V,Ranunculaceae,1.41
V,Rosaceae,13.99
V,Solanaceae,4.037685
V,Stereocaulaceae,0.72
V,Teloschistaceae,0.87
V,Theaceae,0.3675
V,Umbilicariaceae,28.65
V,Unknown,240.09821
V,Various,136.815
V,Zingiberaceae,0.045
W,Agaricaceae,0.03361
W,Amaranthaceae,0.06843
W,Amaryllidaceae,0.013406
W,Anacardiaceae,0.032131
W,Apiaceae,0.014
W,Asteraceae,0.25134999999999996
W,Brassicaceae,0.53232
W,Caricaceae,0.008910000000000001
W,Convolvulaceae,0.1078034
W,Cucurbitaceae,0.28284
W,Dioscoreaceae,0.005502
W,Euphorbiaceae,0.282074
W,Fabaceae,1.022805
W,Lauraceae,0.00985
W,Lecythidaceae,0.00411
W,Malvaceae,0.17441399999999999
W,Moraceae,0.00339
W,Moringaceae,0.160611
W,Musaceae,0.007988
W,Myrtaceae,0.00162
W,Pedaliaceae,0.000306
W,Phyllanthaceae,0.004955
W,Poaceae,1.5280316999999999
W,Rhamnaceae,0.01352
W,Rosaceae,0.00193
W,Rutaceae,0.00967
W,Solanaceae,0.311193
W,Theaceae,0.0036999999999999997
W,Unknown,0.175092
W,Various,2.577
W,Zingiberaceae,0.0174
Y,Agaricaceae,0.352
Y,Amaranthaceae,1.242
Y,Amaryllidaceae,0.0134
Y,Anacardiaceae,0.11957
Y,Arecaceae,0.00774
Y,Asteraceae,4.23942
Y,Brassicaceae,4.5639
Y,Caricaceae,0.3099
Y,Convolvulaceae,11.66845
Y,Cucurbitaceae,11.032399999999999
Y,Cyperaceae,3104.0
Y,Dioscoreaceae,0.00136
Y,Euphorbiaceae,7.8011800000000004
Y,Fabaceae,7.39493
Y,Gleicheniaceae,3540.0
Y,Malvaceae,18.06017
Y,Melastomataceae,105.0
Y,Moraceae,0.276
Y,Moringaceae,51.4336
Y,Musaceae,0.01281
Y,Myrtaceae,0.05405
Y,Phyllanthaceae,0.02107
Y,Poaceae,11.455406
Y,Proteaceae,0.00114
Y,Rhamnaceae,0.0275
Y,Rosaceae,1.08
Y,Rutaceae,0.0185
Y,Solanaceae,0.41185
Y,Theaceae,2.141
Y,Unknown,36.93655
Y,Various,8.403
Y,Zingiberaceae,0.00623
Yb,Agaricaceae,0.020659999999999998
Yb,Amaranthaceae,0.063
Yb,Amaryllidaceae,0.00144
Yb,Anacardiaceae,0.005696
Yb,Arecaceae,0.000599
Yb,Asteraceae,0.21439699999999998
Yb,Blechnaceae,54.0
Yb,Brassicaceae,0.1888
Yb,Caricaceae,0.014152
Yb,Convolvulaceae,0.5042708
Yb,Cucurbitaceae,0.71567
Yb,Dioscoreaceae,0.000115
Yb,Ericaceae,2.209
Yb,Euphorbiaceae,0.505631
Yb,Fabaceae,0.5532426
Yb,Gleicheniaceae,141.0
Yb,Malvaceae,0.860093
Yb,Moraceae,0.0143
Yb,Moringaceae,1.3797000000000001
Yb,Musaceae,0.0007065999999999999
Yb,Myrtaceae,0.0030529999999999997
Yb,Phyllanthaceae,0.001078
Yb,Pinaceae,1.471
Yb,Plantaginaceae,0.2
Yb,Poaceae,10.7158654
Yb,Polypodiaceae,34.1
Yb,Proteaceae,4.88e-05
Yb,Pteridaceae,66.91
Yb,Rhamnaceae,0.002111
Yb,Rosaceae,0.0871
Yb,Rutaceae,0.00125
Yb,Solanaceae,0.019656
Yb,Theaceae,0.17859999999999998
Yb,Thelypteridaceae,49.9
Yb,Unknown,3.5053609999999997
Yb,Various,2.1086
Yb,Zingiberaceae,0.000663
Zn,Acanthaceae,25.3666
Zn,Achariaceae,5.6
Zn,Adoxaceae,332.0
Zn,Agaricaceae,1707.73
Zn,Alismataceae,358.0
Zn,Amaranthaceae,2298.255
Zn,Amaryllidaceae,3371.224
Zn,Amblystegiaceae,21.13
Zn,Anacardiaceae,1032.54
Zn,Anisophylleaceae,2.2
Zn,Annonaceae,1341.1
Zn,Apiaceae,1381.17
Zn,Apocynaceae,2180.5
Zn,Araceae,33159.0
Zn,Araliaceae,539.0
Zn,Arecaceae,96.6
Zn,Aristolochiaceae,1584.0
Zn,Asparagaceae,1567.8
Zn,Asphodelaceae,25.8
Zn,Asteraceae,8461.041
Zn,Athyriaceae,576.18
Zn,Balsaminaceae,2119.0
Zn,Basellaceae,37.3
Zn,Berberidaceae,1378.68
Zn,Betulaceae,2401.26
Zn,Bignoniaceae,380.2
Zn,Bixaceae,34.8
Zn,Boraginaceae,91.94
Zn,Brassicaceae,5601.16
Zn,Bromeliaceae,34.06
Zn,Burseraceae,83.7
Zn,Cactaceae,50.05
Zn,Cannabaceae,78.23
Zn,Capparaceae,43.1
Zn,Caricaceae,46.2
Zn,Chrysobalanaceae,1.1
Zn,Cistaceae,112.0
Zn,Cladoniaceae,124.0
Zn,Clusiaceae,339.2
Zn,Combretaceae,477.52
Zn,Commelinaceae,457.8
Zn,Convolvulaceae,5234.39
Zn,Cucurbitaceae,1985.3
Zn,Cunoniaceae,174.0
Zn,Cupressaceae,44.43
Zn,Cyperaceae,1023.1
Zn,Dennstaedtiaceae,2352.6
Zn,Dichapetalaceae,4920.0
Zn,Dioscoreaceae,84.78
Zn,Ebenaceae,60.03
Zn,Elaeagnaceae,2108.71
Zn,Elaeocarpaceae,638.89
Zn,Ephedraceae,14.0
Zn,Equisetaceae,416.44
Zn,Ericaceae,2026.07
Zn,Euphorbiaceae,1900.75
Zn,Fabaceae,11791.91
Zn,Fagaceae,1529.63
Zn,Gentianaceae,1284.0
Zn,Gnetaceae,40.0
Zn,Hydnoraceae,15.5
Zn,Hylocomiaceae,27.5
Zn,Juglandaceae,315.69
Zn,Juncaceae,730.0
Zn,Lamiaceae,1863.3919
Zn,Lauraceae,3152.18
Zn,Lecythidaceae,177.4
Zn,Loganiaceae,1.5
Zn,Lythraceae,28.39
Zn,Malvaceae,2128.993333
Zn,Melastomataceae,7.5
Zn,Meliaceae,83.97
Zn,Moraceae,1224.98
Zn,Moringaceae,551.56
Zn,Musaceae,77.22999999999999
Zn,Myrtaceae,726.87
Zn,Nitrariaceae,23.900000000000002
Zn,Olacaceae,8.2
Zn,Oleaceae,254.84
Zn,Ophioglossaceae,8.87
Zn,Orchidaceae,7.33
Zn,Oxalidaceae,5678.0
Zn,Papaveraceae,169.14
Zn,Parmeliaceae,487.0
Zn,Passifloraceae,1068.7
Zn,Pedaliaceae,92.1
Zn,Peltigeraceae,44.0
Zn,Phyllanthaceae,6382.65
Zn,Phytolaccaceae,5001.0
Zn,Pinaceae,90.82
Zn,Piperaceae,10.23
Zn,Plantaginaceae,22042.0
Zn,Plumbaginaceae,6270.0
Zn,Poaceae,17718.92
Zn,Polygonaceae,3531.544
Zn,Portulacaceae,1.14
Zn,Primulaceae,331.46000000000004
Zn,Proteaceae,57.1
Zn,Ranunculaceae,1648.2
Zn,Resedaceae,73.6
Zn,Rhamnaceae,3213.27
Zn,Rosaceae,6834.59
Zn,Rubiaceae,576.89
Zn,Rutaceae,1328.29
Zn,Salicaceae,7375.33
Zn,Salvadoraceae,8.0
Zn,Santalaceae,52.02
Zn,Sapindaceae,108.2
Zn,Sapotaceae,1115.97
Zn,Scrophulariaceae,613.49
Zn,Smilacaceae,2683.0
Zn,Solanaceae,1280.9486
Zn,Stereocaulaceae,20.0
Zn,Tamaricaceae,2.95
Zn,Teloschistaceae,21.0
Zn,Theaceae,41.599999999999994
Zn,Ulmaceae,39.04
Zn,Umbilicariaceae,111.0
Zn,Unknown,800.04
Zn,Various,36411.18
Zn,Verbenaceae,2788.29
Zn,Violaceae,5968.0
Zn,Vitaceae,2114.0
Zn,Zingiberaceae,111.69999999999999
Zn,Zygophyllaceae,38.43
Zr,Agaricaceae,0.1252
Zr,Amaranthaceae,0.4447
Zr,Amaryllidaceae,0.0049
Zr,Anacardiaceae,0.09002
Zr,Arecaceae,0.0075
Zr,Asteraceae,4.4173800000000005
Zr,Brassicaceae,1.5693
Zr,Caricaceae,0.03221
Zr,Convolvulaceae,1.278
Zr,Cucurbitaceae,2.6023400000000003
Zr,Dioscoreaceae,0.0141
Zr,Euphorbiaceae,1.708117
Zr,Fabaceae,4.553574
Zr,Hydnoraceae,0.68
Zr,Lamiaceae,175.0
Zr,Malvaceae,1.6108
Zr,Moraceae,0.0451
Zr,Moringaceae,4.0837
Zr,Musaceae,0.017521000000000002
Zr,Myrtaceae,0.00392
Zr,Phyllanthaceae,0.0049
Zr,Piperaceae,0.98
Zr,Poaceae,6.8210669
Zr,Proteaceae,0.00157
Zr,Rhamnaceae,0.02131
Zr,Rosaceae,0.13
Zr,Rubiaceae,0.32
Zr,Rutaceae,0.00369
Zr,Solanaceae,0.11225
Zr,Tamaricaceae,0.27
Zr,Theaceae,0.04211
Zr,Unknown,21.27958
Zr,Various,229.6456
Zr,Zygophyllaceae,8.2
